record_id,source_graph,source_file,source_sequence,bibtex_type,bibtex_key,title,normalized_title,first_author,all_authors,year,venue,doi,arxiv_id,semantic_scholar_id,metadata_url,primary_paper_url,publication_status,visual_SOT_relevance,relevance_basis,has_official_code,official_code_url,candidate_solution_families,family_evidence_terms,abstract,volume,pages,pmid
FARTrack:01:69f38c9531cbdf1d8e12bd6a934c86631615db75,FARTrack,E:\Robot_Backup\Tracker_Q1_Documents\ConnectedPapers-for-FARTrack%3A-Fast-Autoregressive-Visual-Tracking-with-High-Performance.bib,1,article,69f38c9531cbdf1d8e12bd6a934c86631615db75,FARTrack: Fast Autoregressive Visual Tracking with High Performance,fartrack fast autoregressive visual tracking with high performance,Guijie Wang,Guijie Wang and Tong Lin and Yifan Bai and Anjia Cao and Shiyi Liang and Wangbo Zhao and Xing Wei,2026,ArXiv,10.48550/arxiv.2602.03214,2602.03214,69f38c9531cbdf1d8e12bd6a934c86631615db75,https://www.semanticscholar.org/paper/69f38c9531cbdf1d8e12bd6a934c86631615db75,https://doi.org/10.48550/arxiv.2602.03214,ARXIV_PREPRINT,PRIMARY,exact fixed-anchor title (FARTrack),UNKNOWN,UNKNOWN,Model compression / distillation; Token / feature / spatial sparsification; Block / layer reduction; Lightweight backbone design; Autoregressive / sequence modeling; Temporal context / video-level memory; Motion modeling; Training / loss redesign,"Model compression / distillation: distill, model compression, teacher-student | Token / feature / spatial sparsification: spars | Block / layer reduction: shallow | Lightweight backbone design: resource-constrained | Autoregressive / sequence modeling: auto-regress, autoregress, trajectory sequence | Temporal context / video-level memory: inter-frame | Motion modeling: trajectory | Training / loss redesign: self-distillation","Inference speed and tracking performance are two critical evaluation metrics in the field of visual tracking. However, high-performance trackers often suffer from slow processing speeds, making them impractical for deployment on resource-constrained devices. To alleviate this issue, we propose FARTrack, a Fast Auto-Regressive Tracking framework. Since autoregression emphasizes the temporal nature of the trajectory sequence, it can maintain high performance while achieving efficient execution across various devices. FARTrack introduces Task-Specific Self-Distillation and Inter-frame Autoregressive Sparsification, designed from the perspectives of shallow-yet-accurate distillation and redundant-to-essential token optimization, respectively. Task-Specific Self-Distillation achieves model compression by distilling task-specific tokens layer by layer, enhancing the model's inference speed while avoiding suboptimal manual teacher-student layer pairs assignments. Meanwhile, Inter-frame Autoregressive Sparsification sequentially condenses multiple templates, avoiding additional runtime overhead while learning a temporally-global optimal sparsification strategy. FARTrack demonstrates outstanding speed and competitive performance. It delivers an AO of 70.6% on GOT-10k in real-time. Beyond, our fastest model achieves a speed of 343 FPS on the GPU and 121 FPS on the CPU.",abs/2602.03214,UNKNOWN,UNKNOWN
FARTrack:02:d5a746bc1274ac8da900a4a9c5dd28c38e868419,FARTrack,E:\Robot_Backup\Tracker_Q1_Documents\ConnectedPapers-for-FARTrack%3A-Fast-Autoregressive-Visual-Tracking-with-High-Performance.bib,2,article,d5a746bc1274ac8da900a4a9c5dd28c38e868419,Two-stream Beats One-stream: Asymmetric Siamese Network for Efficient Visual Tracking,two stream beats one stream asymmetric siamese network for efficient visual tracking,Jiawen Zhu,Jiawen Zhu and Huayi Tang and Xin Chen and Xinying Wang and Dong Wang and Huchuan Lu,2025,UNKNOWN,10.48550/arxiv.2503.00516,2503.00516,d5a746bc1274ac8da900a4a9c5dd28c38e868419,https://www.semanticscholar.org/paper/d5a746bc1274ac8da900a4a9c5dd28c38e868419,https://doi.org/10.48550/arxiv.2503.00516,ARXIV_PREPRINT,SUPPORTING,visual-tracking/tracker term in title or abstract,UNKNOWN,UNKNOWN,Lightweight backbone design; Asymmetric template-search architecture; Template computation reuse; Target-aware representation,"Lightweight backbone design: edge device, lightweight, resource-constrained | Asymmetric template-search architecture: asymmetric, siamese, two-stream | Template computation reuse: template computing only once | Target-aware representation: object perception","Efficient tracking has garnered attention for its ability to operate on resource-constrained platforms for real-world deployment beyond desktop GPUs. Current efficient trackers mainly follow precision-oriented trackers, adopting a one-stream framework with lightweight modules. However, blindly adhering to the one-stream paradigm may not be optimal, as incorporating template computation in every frame leads to redundancy, and pervasive semantic interaction between template and search region places stress on edge devices. In this work, we propose a novel asymmetric Siamese tracker named AsymTrack for efficient tracking. AsymTrack disentangles template and search streams into separate branches, with template computing only once during initialization to generate modulation signals. Building on this architecture, we devise an efficient template modulation mechanism to unidirectional inject crucial cues into the search features, and design an object perception enhancement module that integrates abstract semantics and local details to overcome the limited representation in lightweight tracker. Extensive experiments demonstrate that AsymTrack offers superior speed-precision trade-offs across different platforms compared to the current state-of-the-arts. For instance, AsymTrack-T achieves 60.8% AUC on LaSOT and 224/81/84 FPS on GPU/CPU/AGX, surpassing HiT-Tiny by 6.0% AUC with higher speeds.",UNKNOWN,UNKNOWN,UNKNOWN
FARTrack:03:f568c0a18c2e4204ba9d8f6fadab822465c15288,FARTrack,E:\Robot_Backup\Tracker_Q1_Documents\ConnectedPapers-for-FARTrack%3A-Fast-Autoregressive-Visual-Tracking-with-High-Performance.bib,3,article,f568c0a18c2e4204ba9d8f6fadab822465c15288,AdaptTrack: Perception field adaptation with contrastive attention for robust visual tracking,adapttrack perception field adaptation with contrastive attention for robust visual tracking,Yongjun Wang,Yongjun Wang and Xiaohui Hao,2026,Knowl. Based Syst.,10.1016/j.knosys.2026.115369,UNKNOWN,f568c0a18c2e4204ba9d8f6fadab822465c15288,https://www.semanticscholar.org/paper/f568c0a18c2e4204ba9d8f6fadab822465c15288,https://doi.org/10.1016/j.knosys.2026.115369,JOURNAL_LISTED_UNVERIFIED,SUPPORTING,visual-tracking/tracker term in title or abstract,UNKNOWN,UNKNOWN,Robustness / distractor handling; Training / loss redesign,Robustness / distractor handling: robust | Training / loss redesign: contrastive,UNKNOWN,337,115369,UNKNOWN
FARTrack:04:7d642fe91a30be1d27b2440d0c2eff8d3fabd7f2,FARTrack,E:\Robot_Backup\Tracker_Q1_Documents\ConnectedPapers-for-FARTrack%3A-Fast-Autoregressive-Visual-Tracking-with-High-Performance.bib,4,article,7d642fe91a30be1d27b2440d0c2eff8d3fabd7f2,Exploring Enhanced Contextual Information for Video-Level Object Tracking,exploring enhanced contextual information for video level object tracking,Ben Kang,Ben Kang and Xin Chen and Simiao Lai and Yang Liu and Yi Liu and Dong Wang,2024,UNKNOWN,10.48550/arxiv.2412.11023,2412.11023,7d642fe91a30be1d27b2440d0c2eff8d3fabd7f2,https://www.semanticscholar.org/paper/7d642fe91a30be1d27b2440d0c2eff8d3fabd7f2,https://doi.org/10.48550/arxiv.2412.11023,ARXIV_PREPRINT,SUPPORTING,visual-tracking/tracker term in title or abstract,UNKNOWN,UNKNOWN,Temporal context / video-level memory; Relation / cross-attention modeling; Robustness / distractor handling,"Temporal context / video-level memory: hidden state, historical context, video level, video-level | Relation / cross-attention modeling: cross-attention | Robustness / distractor handling: robust","Contextual information at the video level has become increasingly crucial for visual object tracking. However, existing methods typically use only a few tokens to convey this information, which can lead to information loss and limit their ability to fully capture the context. To address this issue, we propose a new video-level visual object tracking framework called MCITrack. It leverages Mamba's hidden states to continuously record and transmit extensive contextual information throughout the video stream, resulting in more robust object tracking. The core component of MCITrack is the Contextual Information Fusion module, which consists of the mamba layer and the cross-attention layer. The mamba layer stores historical contextual information, while the cross-attention layer integrates this information into the current visual features of each backbone block. This module enhances the model's ability to capture and utilize contextual information at multiple levels through deep integration with the backbone. Experiments demonstrate that MCITrack achieves competitive performance across numerous benchmarks. For instance, it gets 76.6% AUC on LaSOT and 80.0% AO on GOT-10k, establishing a new state-of-the-art performance.",UNKNOWN,UNKNOWN,UNKNOWN
FARTrack:05:20dd5912ddc3e951e866c1f019ea47a1effe2e5f,FARTrack,E:\Robot_Backup\Tracker_Q1_Documents\ConnectedPapers-for-FARTrack%3A-Fast-Autoregressive-Visual-Tracking-with-High-Performance.bib,5,article,20dd5912ddc3e951e866c1f019ea47a1effe2e5f,Fine-grained visual tracking via distribution-aware mask modeling and temporal propagation,fine grained visual tracking via distribution aware mask modeling and temporal propagation,Xin Zhou,Xin Zhou and Junjie Zhang and Hongwen Yu and Fangyu Wu and Xiaoshui Huang and Jian Zhang,2025,Knowl. Based Syst.,10.1016/j.knosys.2025.114208,UNKNOWN,20dd5912ddc3e951e866c1f019ea47a1effe2e5f,https://www.semanticscholar.org/paper/20dd5912ddc3e951e866c1f019ea47a1effe2e5f,https://doi.org/10.1016/j.knosys.2025.114208,JOURNAL_LISTED_UNVERIFIED,SUPPORTING,visual-tracking/tracker term in title or abstract,UNKNOWN,UNKNOWN,UNKNOWN,UNKNOWN,UNKNOWN,328,114208,UNKNOWN
FARTrack:06:8b9eda3f6100ee17185b0872d50b8762d607a740,FARTrack,E:\Robot_Backup\Tracker_Q1_Documents\ConnectedPapers-for-FARTrack%3A-Fast-Autoregressive-Visual-Tracking-with-High-Performance.bib,6,article,8b9eda3f6100ee17185b0872d50b8762d607a740,EnTeR-Track: Efficient UAV tracking via entropy-guided pruning and reversible token recovery,enter track efficient uav tracking via entropy guided pruning and reversible token recovery,Jiayao Zheng,Jiayao Zheng and Yongqiang Bai,2026,Neurocomputing,10.1016/j.neucom.2026.134151,UNKNOWN,8b9eda3f6100ee17185b0872d50b8762d607a740,https://www.semanticscholar.org/paper/8b9eda3f6100ee17185b0872d50b8762d607a740,https://doi.org/10.1016/j.neucom.2026.134151,JOURNAL_LISTED_UNVERIFIED,SUPPORTING,visual-tracking/tracker term in title or abstract,UNKNOWN,UNKNOWN,Pruning,Pruning: prun,UNKNOWN,696,134151,UNKNOWN
FARTrack:07:868e277a1c22d2d3daacc4cbeab5d8f659cde09b,FARTrack,E:\Robot_Backup\Tracker_Q1_Documents\ConnectedPapers-for-FARTrack%3A-Fast-Autoregressive-Visual-Tracking-with-High-Performance.bib,7,article,868e277a1c22d2d3daacc4cbeab5d8f659cde09b,Unifying Motion and Appearance Cues for Visual Tracking via Shared Queries,unifying motion and appearance cues for visual tracking via shared queries,Chaocan Xue,Chaocan Xue and Bineng Zhong and Qihua Liang and Hai-ying Xia and Shuxiang Song,2025,IEEE Transactions on Circuits and Systems for Video Technology,10.1109/tcsvt.2024.3486347,UNKNOWN,868e277a1c22d2d3daacc4cbeab5d8f659cde09b,https://www.semanticscholar.org/paper/868e277a1c22d2d3daacc4cbeab5d8f659cde09b,https://doi.org/10.1109/tcsvt.2024.3486347,JOURNAL_LISTED_UNVERIFIED,SUPPORTING,visual-tracking/tracker term in title or abstract,UNKNOWN,UNKNOWN,Autoregressive / sequence modeling; Motion modeling; Temporal timestep optimization; Robustness / distractor handling,"Autoregressive / sequence modeling: autoregress | Motion modeling: motion, spatio-temporal cue | Temporal timestep optimization: time step | Robustness / distractor handling: robust","The rich motion and appearance cues between consecutive frames are crucial for robust visual tracking. However, most existing tracking methods are still limited in designing different components to separately employ corresponding cues and even ignore one of them. This makes them difficult to maintain effective interaction between different cues, thus hindering the models from fostering a comprehensive understanding of the target objects. To address these issues, we propose a unified spatio-temporal cues learning framework (named USCLTrack) that comprehensively mines the variation patterns of targets between consecutive frames in complex video streams. Specifically, USCLTrack firstly aggregates motion and appearance cues into shared queries to provide the bridge of interaction between both cues. Then, it directly generates object locations on the condition of these shared queries in an autoregressive manner, unifying different cues to guide future inferences. To effectively learn multiple spatio-temporal cues aggregated in the shared queries, we develop a spatio-temporal attention mechanism. This mechanism integrates motion cues with appearance cues according to the time steps for ensuring temporal consistency. Moreover, it concurrently captures motion trends and appearance changes to facilitate the understanding of the target objects. Extensive experiments on eight popular tracking benchmarks validate the effectiveness of the proposed USCLTrack.",35,1987-1998,UNKNOWN
FARTrack:08:be1728a983128f17bdd2d7f7a33a4ba0b0614546,FARTrack,E:\Robot_Backup\Tracker_Q1_Documents\ConnectedPapers-for-FARTrack%3A-Fast-Autoregressive-Visual-Tracking-with-High-Performance.bib,8,article,be1728a983128f17bdd2d7f7a33a4ba0b0614546,MCTrack: Multi-cue spatio-temporal object tracking,mctrack multi cue spatio temporal object tracking,Jianbo Song,Jianbo Song and Hong Zhang and Hanyang Liu and Yachun Feng and Yang Han and Yifan Yang,2025,Expert Syst. Appl.,10.1016/j.eswa.2025.129984,UNKNOWN,be1728a983128f17bdd2d7f7a33a4ba0b0614546,https://www.semanticscholar.org/paper/be1728a983128f17bdd2d7f7a33a4ba0b0614546,https://doi.org/10.1016/j.eswa.2025.129984,JOURNAL_LISTED_UNVERIFIED,SUPPORTING,visual-tracking/tracker term in title or abstract,UNKNOWN,UNKNOWN,UNKNOWN,UNKNOWN,UNKNOWN,299,129984,UNKNOWN
FARTrack:09:f05a36f8cc86f669bad8d49772c40a07e790d4d6,FARTrack,E:\Robot_Backup\Tracker_Q1_Documents\ConnectedPapers-for-FARTrack%3A-Fast-Autoregressive-Visual-Tracking-with-High-Performance.bib,9,article,f05a36f8cc86f669bad8d49772c40a07e790d4d6,Joint position and appearance feature modeling for accurate visual tracking,joint position and appearance feature modeling for accurate visual tracking,X. Gong,X. Gong and Yi Zhang and Guanyu Xing and Yanli Liu,2025,Appl. Soft Comput.,10.1016/j.asoc.2025.114460,UNKNOWN,f05a36f8cc86f669bad8d49772c40a07e790d4d6,https://www.semanticscholar.org/paper/f05a36f8cc86f669bad8d49772c40a07e790d4d6,https://doi.org/10.1016/j.asoc.2025.114460,JOURNAL_LISTED_UNVERIFIED,SUPPORTING,visual-tracking/tracker term in title or abstract,UNKNOWN,UNKNOWN,UNKNOWN,UNKNOWN,UNKNOWN,189,114460,UNKNOWN
FARTrack:10:e3d128c4a43fe2d5a9c8e8657cd5926c53197ba8,FARTrack,E:\Robot_Backup\Tracker_Q1_Documents\ConnectedPapers-for-FARTrack%3A-Fast-Autoregressive-Visual-Tracking-with-High-Performance.bib,10,article,e3d128c4a43fe2d5a9c8e8657cd5926c53197ba8,General Compression Framework for Efficient Transformer Object Tracking,general compression framework for efficient transformer object tracking,Lingyi Hong,Lingyi Hong and Jinglun Li and Xinyu Zhou and Shilin Yan and Pinxue Guo and Kaixun Jiang and Zhaoyu Chen and Shuyong Gao and Wei Zhang and Hong Lu and Wenqiang Zhang,2024,2025 IEEE/CVF International Conference on Computer Vision (ICCV),10.1109/iccv51701.2025.01247,2409.17564,e3d128c4a43fe2d5a9c8e8657cd5926c53197ba8,https://www.semanticscholar.org/paper/e3d128c4a43fe2d5a9c8e8657cd5926c53197ba8,https://doi.org/10.1109/iccv51701.2025.01247,CONFERENCE_LISTED_UNVERIFIED,SUPPORTING,visual-tracking/tracker term in title or abstract,UNKNOWN,UNKNOWN,Model compression / distillation; Lightweight backbone design; Training / loss redesign,"Model compression / distillation: distill, model compression | Lightweight backbone design: lightweight | Training / loss redesign: knowledge distillation","Previous works have attempted to improve tracking efficiency through lightweight architecture design or knowledge distillation from teacher models to compact student trackers. However, these solutions often sacrifice accuracy for speed to a great extent, and also have the problems of complex training process and structural limitations. Thus, we propose a general model compression framework for efficient transformer object tracking, named CompressTracker, to reduce model size while preserving tracking accuracy. Our approach features a novel stage division strategy that segments the transformer layers of the teacher model into distinct stages to break the limitation of model structure. Additionally, we also design a unique replacement training technique that randomly substitutes specific stages in the student model with those from the teacher model, as opposed to training the student model in isolation. Replacement training enhances the student model's ability to replicate the teacher model's behavior and simplifies the training process. To further forcing student model to emulate teacher model, we incorporate prediction guidance and stage-wise feature mimicking to provide additional supervision during the teacher model's compression process. CompressTracker is structurally agnostic, making it compatible with any transformer architecture. We conduct a series of experiment to verify the effectiveness and generalizability of our CompressTracker. Our CompressTracker-SUTrack, compressed from SUTrack, retains about $\mathbf9 9$ % performance on LaSOT ($\mathbf7 2. 2$ % AUC) while achieves $2.42 \times$ speed up. Code is available at here.",UNKNOWN,13427-13437,UNKNOWN
FARTrack:11:388169392a75d2d5581712c892a63f3877d3e91d,FARTrack,E:\Robot_Backup\Tracker_Q1_Documents\ConnectedPapers-for-FARTrack%3A-Fast-Autoregressive-Visual-Tracking-with-High-Performance.bib,11,article,388169392a75d2d5581712c892a63f3877d3e91d,Correlation-Embedded Transformer Tracking: A Single-Branch Framework,correlation embedded transformer tracking a single branch framework,Fei Xie,Fei Xie and Wankou Yang and Chunyu Wang and Lei Chu and Yue Cao and Chao Ma and Wenjun Zeng,2024,IEEE Transactions on Pattern Analysis and Machine Intelligence,10.1109/tpami.2024.3448254,2401.12743,388169392a75d2d5581712c892a63f3877d3e91d,https://www.semanticscholar.org/paper/388169392a75d2d5581712c892a63f3877d3e91d,https://doi.org/10.1109/tpami.2024.3448254,JOURNAL_LISTED_UNVERIFIED,SUPPORTING,visual-tracking/tracker term in title or abstract,UNKNOWN,UNKNOWN,Block / layer reduction; Asymmetric template-search architecture; Relation / cross-attention modeling; Target-aware representation; Robustness / distractor handling,"Block / layer reduction: shallow | Asymmetric template-search architecture: siamese | Relation / cross-attention modeling: relation model | Target-aware representation: target-aware | Robustness / distractor handling: distractor, robust","Developing robust and discriminative appearance models has been a long-standing research challenge in visual object tracking. In the prevalent Siamese-based paradigm, the features extracted by the Siamese-like networks are often insufficient to model the tracked targets and distractor objects, thereby hindering them from being robust and discriminative simultaneously. While most Siamese trackers focus on designing robust correlation operations, we propose a novel single-branch tracking framework inspired by the transformer. Unlike the Siamese-like feature extraction, our tracker deeply embeds cross-image feature correlation in multiple layers of the feature network. By extensively matching the features of the two images through multiple layers, it can suppress non-target features, resulting in target-aware feature extraction. The output features can be directly used to predict target locations without additional correlation steps. Thus, we reformulate the two-branch Siamese tracking as a conceptually simple, fully transformer-based Single-Branch Tracking pipeline, dubbed SBT. After conducting an in-depth analysis of the SBT baseline, we summarize many effective design principles and propose an improved tracker dubbed SuperSBT. SuperSBT adopts a hierarchical architecture with a local modeling layer to enhance shallow-level features. A unified relation modeling is proposed to remove complex handcrafted layer pattern designs. SuperSBT is further improved by masked image modeling pre-training, integrating temporal modeling, and equipping with dedicated prediction heads. Thus, SuperSBT outperforms the SBT baseline by 4.7%,3.0%, and 4.5% AUC scores in LaSOT, TrackingNet, and GOT-10K. Notably, SuperSBT greatly raises the speed of SBT from 37 FPS to 81 FPS. Extensive experiments show that our method achieves superior results on eight VOT benchmarks.",46,10681-10696,39172609
FARTrack:12:a52391650c1359bc3b605d5821c35feced1f6ca7,FARTrack,E:\Robot_Backup\Tracker_Q1_Documents\ConnectedPapers-for-FARTrack%3A-Fast-Autoregressive-Visual-Tracking-with-High-Performance.bib,12,article,a52391650c1359bc3b605d5821c35feced1f6ca7,Adaptive Target-Oriented Tracking,adaptive target oriented tracking,Sixian Chan,Sixian Chan and Xianpeng Zeng and Zhoujian Wu and Yu Wang and Xiaolong Zhou and Tinglong Tang and Jie Hu,2025,ACM Transactions on Intelligent Systems and Technology,10.1145/3732785,UNKNOWN,a52391650c1359bc3b605d5821c35feced1f6ca7,https://www.semanticscholar.org/paper/a52391650c1359bc3b605d5821c35feced1f6ca7,https://doi.org/10.1145/3732785,JOURNAL_LISTED_UNVERIFIED,SUPPORTING,tracking plus visual-SOT component/benchmark term in metadata,UNKNOWN,UNKNOWN,Relation / cross-attention modeling,Relation / cross-attention modeling: relation model,"The current one-stream tracking pipelines are early relation modeling in feature extraction. However, insufficient discrimination may result in ambiguous relation modeling during early feature extraction. Moreover, the non-target information occupies most of the search image, rendering most relation modeling futile. To tackle the above issues, we propose tracking via learning adaptive target-oriented representation, named ATOTrack. We design an Untied positional encoding to mark the template token and the search region token separately, which reduces the confused relationship between the template and the search region. Besides, we introduce an Auto-Mask Learner to decouple the target and non-target information in the search region. Interestingly, the Auto-Mask Learner can self-learn and mask the ineffective information to interpret adaptive target-oriented representation. Extensive experiments demonstrate that ATOTrack is superior to existing methods, which achieves the state-of-the-art performance on six tracking benchmarks. In particular, ATOTrack establishes a new record on AViST with 57% AO. The code and models will be released as soon.",16,1 - 15,UNKNOWN
FARTrack:13:501e724ef2b3dbeda50bca624a6f5b48996e9290,FARTrack,E:\Robot_Backup\Tracker_Q1_Documents\ConnectedPapers-for-FARTrack%3A-Fast-Autoregressive-Visual-Tracking-with-High-Performance.bib,13,article,501e724ef2b3dbeda50bca624a6f5b48996e9290,DeTrack: In-model Latent Denoising Learning for Visual Object Tracking,detrack in model latent denoising learning for visual object tracking,Xinyu Zhou,Xinyu Zhou and Jinglun Li and Lingyi Hong and Kaixun Jiang and Pinxue Guo and Weifeng Ge and Wenqiang Zhang,2025,ArXiv,10.48550/arxiv.2501.02467,2501.02467,501e724ef2b3dbeda50bca624a6f5b48996e9290,https://www.semanticscholar.org/paper/501e724ef2b3dbeda50bca624a6f5b48996e9290,https://doi.org/10.48550/arxiv.2501.02467,ARXIV_PREPRINT,SUPPORTING,visual-tracking/tracker term in title or abstract,UNKNOWN,UNKNOWN,Autoregressive / sequence modeling; Motion modeling; Robustness / distractor handling,Autoregressive / sequence modeling: autoregress | Motion modeling: trajectory | Robustness / distractor handling: robust,"Previous visual object tracking methods employ image-feature regression models or coordinate autoregression models for bounding box prediction. Image-feature regression methods heavily depend on matching results and do not utilize positional prior, while the autoregressive approach can only be trained using bounding boxes available in the training set, potentially resulting in suboptimal performance during testing with unseen data. Inspired by the diffusion model, denoising learning enhances the model's robustness to unseen data. Therefore, We introduce noise to bounding boxes, generating noisy boxes for training, thus enhancing model robustness on testing data. We propose a new paradigm to formulate the visual object tracking problem as a denoising learning process. However, tracking algorithms are usually asked to run in real-time, directly applying the diffusion model to object tracking would severely impair tracking speed. Therefore, we decompose the denoising learning process into every denoising block within a model, not by running the model multiple times, and thus we summarize the proposed paradigm as an in-model latent denoising learning process. Specifically, we propose a denoising Vision Transformer (ViT), which is composed of multiple denoising blocks. In the denoising block, template and search embeddings are projected into every denoising block as conditions. A denoising block is responsible for removing the noise in a predicted bounding box, and multiple stacked denoising blocks cooperate to accomplish the whole denoising process. Subsequently, we utilize image features and trajectory information to refine the denoised bounding box. Besides, we also utilize trajectory memory and visual memory to improve tracking stability. Experimental results validate the effectiveness of our approach, achieving competitive performance on several challenging datasets.",abs/2501.02467,UNKNOWN,UNKNOWN
FARTrack:14:76b1b82931153f3a49b8bd44f0a7fd248ffe0330,FARTrack,E:\Robot_Backup\Tracker_Q1_Documents\ConnectedPapers-for-FARTrack%3A-Fast-Autoregressive-Visual-Tracking-with-High-Performance.bib,14,article,76b1b82931153f3a49b8bd44f0a7fd248ffe0330,MixFormerV2: Efficient Fully Transformer Tracking,mixformerv2 efficient fully transformer tracking,Yutao Cui,Yutao Cui and Tian-Shu Song and Gangshan Wu and Liming Wang,2023,ArXiv,10.48550/arxiv.2305.15896,2305.15896,76b1b82931153f3a49b8bd44f0a7fd248ffe0330,https://www.semanticscholar.org/paper/76b1b82931153f3a49b8bd44f0a7fd248ffe0330,https://doi.org/10.48550/arxiv.2305.15896,ARXIV_PREPRINT,SUPPORTING,visual-tracking/tracker term in title or abstract,UNKNOWN,UNKNOWN,Model compression / distillation; Token / feature / spatial sparsification; Pruning; Block / layer reduction,Model compression / distillation: distill | Token / feature / spatial sparsification: spars | Pruning: prun | Block / layer reduction: shallow,"Transformer-based trackers have achieved strong accuracy on the standard benchmarks. However, their efficiency remains an obstacle to practical deployment on both GPU and CPU platforms. In this paper, to overcome this issue, we propose a fully transformer tracking framework, coined as \emphMixFormerV2, without any dense convolutional operation and complex score prediction module. Our key design is to introduce four special prediction tokens and concatenate them with the tokens from target template and search areas. Then, we apply the unified transformer backbone on these mixed token sequence. These prediction tokens are able to capture the complex correlation between target template and search area via mixed attentions. Based on them, we can easily predict the tracking box and estimate its confidence score through simple MLP heads. To further improve the efficiency of MixFormerV2, we present a new distillation-based model reduction paradigm, including dense-to-sparse distillation and deep-to-shallow distillation. The former one aims to transfer knowledge from the dense-head based MixViT to our fully transformer tracker, while the latter one is used to prune some layers of the backbone. We instantiate two types of MixForemrV2, where the MixFormerV2-B achieves an AUC of 70.6% on LaSOT and an AUC of 57.4% on TNL2k with a high GPU speed of 165 FPS, and the MixFormerV2-S surpasses FEAR-L by 2.7% AUC on LaSOT with a real-time CPU speed.",abs/2305.15896,UNKNOWN,UNKNOWN
FARTrack:15:d49294451836462a0786d2e2cc9e466a956b152e,FARTrack,E:\Robot_Backup\Tracker_Q1_Documents\ConnectedPapers-for-FARTrack%3A-Fast-Autoregressive-Visual-Tracking-with-High-Performance.bib,15,article,d49294451836462a0786d2e2cc9e466a956b152e,WmLSTM: A Plug-and-Play Window-Level mLSTM-Based Temporal Encoder for Robust Visual Tracking,wmlstm a plug and play window level mlstm based temporal encoder for robust visual tracking,Yao Chen,Yao Chen and Guancheng Jia and Ding Ma and Yufei Zha and Peng Zhang,2026,IEEE Transactions on Circuits and Systems for Video Technology,10.1109/tcsvt.2026.3662479,UNKNOWN,d49294451836462a0786d2e2cc9e466a956b152e,https://www.semanticscholar.org/paper/d49294451836462a0786d2e2cc9e466a956b152e,https://doi.org/10.1109/tcsvt.2026.3662479,JOURNAL_LISTED_UNVERIFIED,SUPPORTING,visual-tracking/tracker term in title or abstract,YES,https://github.com/Xiaochen918/WmLSTM,Temporal context / video-level memory; Robustness / distractor handling,"Temporal context / video-level memory: temporal context | Robustness / distractor handling: background, robust","Temporal context modeling constitutes a fundamental issue for robust visual tracking. However, existing approaches are plagued by a critical granularity trade-off: frame-level template update mechanisms inevitably introduce background redundancy due to global frame information aggregation, while token-level propagation mechanisms undermine inherent local spatial correlations via independent feature transmission. To resolve this challenge, we propose WmLSTM, a plug-and-play Window-level mLSTM-based temporal encoder that reconfigures the temporal modeling paradigm for visual tracking. First, window-centric modeling retains intra-window spatial correlations while adaptively suppressing background clutter. Second, we pioneer the application of mLSTM in visual tracking, exploiting its explicit memory architecture that outperforms implicit sequence modeling alternatives (<italic>e.g.</italic>, Mamba). Third, our plug-and-play design enables seamless integration with state-of-the-art trackers with minor computational overhead. Extensive experiments on seven benchmark datasets validate that WmLSTMTrack achieves an excellent balance among accuracy, speed, and parameter efficiency, attaining state-of-the-art accuracy on five benchmarks, superior real-time speed (GPU: <inline-formula> <tex-math notation=""LaTeX"">$201~fps$ </tex-math></inline-formula>, CPU: <inline-formula> <tex-math notation=""LaTeX"">$47~fps$ </tex-math></inline-formula>), and compact model size (8.22 M parameters). Moreover, the WMLSTM module consistently enhances the performance of diverse trackers, <italic>e.g.</italic>, real-time FERMT-256: + 2.3 points SR75 on GOT-10k, non-real-time EVPTrack-224: + 1.8 points P on LaSOT<inline-formula> <tex-math notation=""LaTeX"">$_ext$ </tex-math></inline-formula>, with merely 30 training epochs. The source code is available at <uri>https://github.com/Xiaochen918/WmLSTM</uri>.",36,9072-9086,UNKNOWN
FARTrack:16:7b55c22d062bd52e1cce5044f5e3a97b80f729ea,FARTrack,E:\Robot_Backup\Tracker_Q1_Documents\ConnectedPapers-for-FARTrack%3A-Fast-Autoregressive-Visual-Tracking-with-High-Performance.bib,16,article,7b55c22d062bd52e1cce5044f5e3a97b80f729ea,Exploring Lightweight Hierarchical Vision Transformers for Efficient Visual Tracking,exploring lightweight hierarchical vision transformers for efficient visual tracking,Ben Kang,Ben Kang and Xin Chen and D. Wang and Houwen Peng and Huchuan Lu,2023,2023 IEEE/CVF International Conference on Computer Vision (ICCV),10.1109/iccv51070.2023.00881,2308.06904,7b55c22d062bd52e1cce5044f5e3a97b80f729ea,https://www.semanticscholar.org/paper/7b55c22d062bd52e1cce5044f5e3a97b80f729ea,https://doi.org/10.1109/iccv51070.2023.00881,CONFERENCE_LISTED_UNVERIFIED,SUPPORTING,visual-tracking/tracker term in title or abstract,YES,https://github.com/kangben258/HiT,Block / layer reduction; Lightweight backbone design,"Block / layer reduction: shallow | Lightweight backbone design: edge device, lightweight","Transformer-based visual trackers have demonstrated significant progress owing to their superior modeling capabilities. However, existing trackers are hampered by low speed, limiting their applicability on devices with limited computational power. To alleviate this problem, we propose HiT, a new family of efficient tracking models that can run at high speed on different devices while retaining high performance. The central idea of HiT is the Bridge Module, which bridges the gap between modern lightweight transformers and the tracking framework. The Bridge Module incorporates the high-level information of deep features into the shallow large-resolution features. In this way, it produces better features for the tracking head. We also propose a novel dual-image position encoding technique that simultaneously encodes the position information of both the search region and template images. The HiT model achieves promising speed with competitive performance. For instance, it runs at 61 frames per second (fps) on the Nvidia Jetson AGX edge device. Furthermore, HiT attains 64.6% AUC on the LaSOT benchmark, surpassing all previous efficient trackers. Code and models are available at https://github.com/kangben258/HiT.",UNKNOWN,9578-9587,UNKNOWN
FARTrack:17:ecd9598308161557d6ac35b3e4d32770489e811d,FARTrack,E:\Robot_Backup\Tracker_Q1_Documents\ConnectedPapers-for-FARTrack%3A-Fast-Autoregressive-Visual-Tracking-with-High-Performance.bib,17,article,ecd9598308161557d6ac35b3e4d32770489e811d,Adaptively Bypassing Vision Transformer Blocks for Efficient Visual Tracking,adaptively bypassing vision transformer blocks for efficient visual tracking,Xiangyang Yang,Xiangyang Yang and Dan Zeng and Xucheng Wang and You Wu and Hengzhou Ye and Qijun Zhao and Shuiwang Li,2024,Pattern Recognit.,10.48550/arxiv.2406.08037,2406.08037,ecd9598308161557d6ac35b3e4d32770489e811d,https://www.semanticscholar.org/paper/ecd9598308161557d6ac35b3e4d32770489e811d,https://doi.org/10.48550/arxiv.2406.08037,ARXIV_PREPRINT,SUPPORTING,visual-tracking/tracker term in title or abstract,YES,https://github.com/xyyang317/ABTrack,Pruning,Pruning: prun,"Empowered by transformer-based models, visual tracking has advanced significantly. However, the slow speed of current trackers limits their applicability on devices with constrained computational resources. To address this challenge, we introduce ABTrack, an adaptive computation framework that adaptively bypassing transformer blocks for efficient visual tracking. The rationale behind ABTrack is rooted in the observation that semantic features or relations do not uniformly impact the tracking task across all abstraction levels. Instead, this impact varies based on the characteristics of the target and the scene it occupies. Consequently, disregarding insignificant semantic features or relations at certain abstraction levels may not significantly affect the tracking accuracy. We propose a Bypass Decision Module (BDM) to determine if a transformer block should be bypassed, which adaptively simplifies the architecture of ViTs and thus speeds up the inference process. To counteract the time cost incurred by the BDMs and further enhance the efficiency of ViTs, we introduce a novel ViT pruning method to reduce the dimension of the latent representation of tokens in each transformer block. Extensive experiments on multiple tracking benchmarks validate the effectiveness and generality of the proposed method and show that it achieves state-of-the-art performance. Code is released at: https://github.com/xyyang317/ABTrack.",161,111278,UNKNOWN
FARTrack:18:cbeee2f7f03acb575f250e7b1857ceb775db98ec,FARTrack,E:\Robot_Backup\Tracker_Q1_Documents\ConnectedPapers-for-FARTrack%3A-Fast-Autoregressive-Visual-Tracking-with-High-Performance.bib,18,article,cbeee2f7f03acb575f250e7b1857ceb775db98ec,SeqTrack: Sequence to Sequence Learning for Visual Object Tracking,seqtrack sequence to sequence learning for visual object tracking,Xin Chen,Xin Chen and Houwen Peng and Dong Wang and Huchuan Lu and Han Hu,2023,2023 IEEE/CVF Conference on Computer Vision and Pattern Recognition (CVPR),10.1109/cvpr52729.2023.01400,UNKNOWN,cbeee2f7f03acb575f250e7b1857ceb775db98ec,https://www.semanticscholar.org/paper/cbeee2f7f03acb575f250e7b1857ceb775db98ec,https://doi.org/10.1109/cvpr52729.2023.01400,CONFERENCE_LISTED_UNVERIFIED,SUPPORTING,visual-tracking/tracker term in title or abstract,YES,https://github.com/microsoft/VideoX,Asymmetric template-search architecture; Autoregressive / sequence modeling; Training / loss redesign,"Asymmetric template-search architecture: siamese | Autoregressive / sequence modeling: autoregress, sequence learning, sequence to sequence, sequence-to-sequence | Training / loss redesign: loss function","In this paper, we present a new sequence-to-sequence learning framework for visual tracking, dubbed SeqTrack. It casts visual tracking as a sequence generation problem, which predicts object bounding boxes in an autoregressive fashion. This is different from prior Siamese trackers and transformer trackers, which rely on designing complicated head networks, such as classification and regression heads. SeqTrack only adopts a simple encoder-decoder transformer architecture. The encoder extracts visual features with a bidirectional transformer, while the decoder generates a sequence of bounding box values autoregressively with a causal transformer. The loss function is a plain cross-entropy. Such a sequence learning paradigm not only simplifies tracking framework, but also achieves competitive performance on benchmarks. For instance, SeqTrack gets 72.5% AUC on LaSOT, establishing a new state-of-the-art performance. Code and models are available at https://github.com/microsoft/VideoX.",UNKNOWN,14572-14581,UNKNOWN
FARTrack:19:b1434832195aa82ce5a141aeb9d3098186fd940f,FARTrack,E:\Robot_Backup\Tracker_Q1_Documents\ConnectedPapers-for-FARTrack%3A-Fast-Autoregressive-Visual-Tracking-with-High-Performance.bib,19,article,b1434832195aa82ce5a141aeb9d3098186fd940f,Visual tracking with unified relation modeling and masked appearance learning,visual tracking with unified relation modeling and masked appearance learning,X. Gong,X. Gong and Yi Zhang and Yanli Liu,2025,Neural networks : the official journal of the International Neural Network Society,10.1016/j.neunet.2025.108197,UNKNOWN,b1434832195aa82ce5a141aeb9d3098186fd940f,https://www.semanticscholar.org/paper/b1434832195aa82ce5a141aeb9d3098186fd940f,https://doi.org/10.1016/j.neunet.2025.108197,JOURNAL_LISTED_UNVERIFIED,SUPPORTING,visual-tracking/tracker term in title or abstract,UNKNOWN,UNKNOWN,Asymmetric template-search architecture; Temporal context / video-level memory; Relation / cross-attention modeling; Target-aware representation,Asymmetric template-search architecture: two-stream | Temporal context / video-level memory: inter-frame | Relation / cross-attention modeling: relation model | Target-aware representation: target-aware,"Recently, the Transformer-based tracking frameworks begin to prevail in visual tracking with huge success. However, both the two-stream and one-stream pipelines have some intrinsic flaws due to their structural characteristics. Under such case, a novel and effective visual tracker (dubbed RMATrack) is proposed in this paper. Firstly, a unified relation modeling scheme has been developed to realize flexible relation computation between the template and the search images. It selects the salient region of search image in a learnable manner and calculate the cross-relation between template and search images based on the state of the object (size, shape, disappear or not). Meanwhile, a target-aware representation learning method has been developed to extract the target-specific feature. Finally, to avoid the excessive reliance on the intra-frame spatial clues while ignoring the inter-frame temporal relations during the reconstruction process, a temporal reinforcement strategy is presented. Discarding partial spatial clues makes our tracker focus on the inter-frame temporal information so as to capture the appearance changes. Extensive experiments have been conducted on 5 mainstream datasets, in which our tracker has achieved appealing results among the state-of-the-art methods while meeting real-time demand.",195,108197,41145051
FARTrack:20:3aa6ded626de9cdd82890f13acb72b293727266e,FARTrack,E:\Robot_Backup\Tracker_Q1_Documents\ConnectedPapers-for-FARTrack%3A-Fast-Autoregressive-Visual-Tracking-with-High-Performance.bib,20,article,3aa6ded626de9cdd82890f13acb72b293727266e,Implicit Motion State Modeling for Efficient and Effective Video-Level Object Tracking,implicit motion state modeling for efficient and effective video level object tracking,Xianxin Jia,Xianxin Jia and Zhiqiang Hou and Sugang Ma and Lei Pu,2026,Expert Syst. Appl.,10.1016/j.eswa.2026.132083,UNKNOWN,3aa6ded626de9cdd82890f13acb72b293727266e,https://www.semanticscholar.org/paper/3aa6ded626de9cdd82890f13acb72b293727266e,https://doi.org/10.1016/j.eswa.2026.132083,JOURNAL_LISTED_UNVERIFIED,SUPPORTING,visual-tracking/tracker term in title or abstract,UNKNOWN,UNKNOWN,Temporal context / video-level memory; Motion modeling,Temporal context / video-level memory: video-level | Motion modeling: motion,UNKNOWN,320,132083,UNKNOWN
FARTrack:21:44050bec6d80759a876ee1402fd36b566e04904b,FARTrack,E:\Robot_Backup\Tracker_Q1_Documents\ConnectedPapers-for-FARTrack%3A-Fast-Autoregressive-Visual-Tracking-with-High-Performance.bib,21,article,44050bec6d80759a876ee1402fd36b566e04904b,SAMITE: Position Prompted SAM2 with Calibrated Memory for Visual Object Tracking,samite position prompted sam2 with calibrated memory for visual object tracking,Qianxiong Xu,Qianxiong Xu and Lanyun Zhu and Chenxi Liu and Guosheng Lin and Cheng Long and Ziyue Li and Rui Zhao,2025,ArXiv,10.48550/arxiv.2507.21732,2507.21732,44050bec6d80759a876ee1402fd36b566e04904b,https://www.semanticscholar.org/paper/44050bec6d80759a876ee1402fd36b566e04904b,https://doi.org/10.48550/arxiv.2507.21732,ARXIV_PREPRINT,SUPPORTING,visual-tracking/tracker term in title or abstract,YES,https://github.com/Sam1224/SAMITE,Autoregressive / sequence modeling; Temporal context / video-level memory; Template / target memory; Robustness / distractor handling,"Autoregressive / sequence modeling: autoregress | Temporal context / video-level memory: across frames | Template / target memory: memory bank | Robustness / distractor handling: distractor, occlusion","Visual Object Tracking (VOT) is widely used in applications like autonomous driving to continuously track targets in videos. Existing methods can be roughly categorized into template matching and autoregressive methods, where the former usually neglects the temporal dependencies across frames and the latter tends to get biased towards the object categories during training, showing weak generalizability to unseen classes. To address these issues, some methods propose to adapt the video foundation model SAM2 for VOT, where the tracking results of each frame would be encoded as memory for conditioning the rest of frames in an autoregressive manner. Nevertheless, existing methods fail to overcome the challenges of object occlusions and distractions, and do not have any measures to intercept the propagation of tracking errors. To tackle them, we present a SAMITE model, built upon SAM2 with additional modules, including: (1) Prototypical Memory Bank: We propose to quantify the feature-wise and position-wise correctness of each frame's tracking results, and select the best frames to condition subsequent frames. As the features of occluded and distracting objects are feature-wise and position-wise inaccurate, their scores would naturally be lower and thus can be filtered to intercept error propagation; (2) Positional Prompt Generator: To further reduce the impacts of distractors, we propose to generate positional mask prompts to provide explicit positional clues for the target, leading to more accurate tracking. Extensive experiments have been conducted on six benchmarks, showing the superiority of SAMITE. The code is available at https://github.com/Sam1224/SAMITE.",abs/2507.21732,UNKNOWN,UNKNOWN
FARTrack:22:fc413b5316463b7467aa4a39a40208247f7f8842,FARTrack,E:\Robot_Backup\Tracker_Q1_Documents\ConnectedPapers-for-FARTrack%3A-Fast-Autoregressive-Visual-Tracking-with-High-Performance.bib,22,article,fc413b5316463b7467aa4a39a40208247f7f8842,FSTrack: Visual tracking with feature fusion and adaptive selection,fstrack visual tracking with feature fusion and adaptive selection,Jian Shi,Jian Shi and Yang Yu and Bin Hui and Junze Shi and Haibo Luo,2025,Expert Syst. Appl.,10.1016/j.eswa.2025.129895,UNKNOWN,fc413b5316463b7467aa4a39a40208247f7f8842,https://www.semanticscholar.org/paper/fc413b5316463b7467aa4a39a40208247f7f8842,https://doi.org/10.1016/j.eswa.2025.129895,JOURNAL_LISTED_UNVERIFIED,SUPPORTING,visual-tracking/tracker term in title or abstract,UNKNOWN,UNKNOWN,Relation / cross-attention modeling,Relation / cross-attention modeling: feature fusion,UNKNOWN,298,129895,UNKNOWN
FARTrack:23:7894f95caefadbd03375d4f5b237518226c83f37,FARTrack,E:\Robot_Backup\Tracker_Q1_Documents\ConnectedPapers-for-FARTrack%3A-Fast-Autoregressive-Visual-Tracking-with-High-Performance.bib,23,article,7894f95caefadbd03375d4f5b237518226c83f37,Exploring Efficient and Effective Sequence Learning for Visual Object Tracking,exploring efficient and effective sequence learning for visual object tracking,Dongdong Li,Dongdong Li and Zhinan Gao and Yangliu Kuai and Rui Chen,2025,UNKNOWN,10.24963/ijcai.2025/153,UNKNOWN,7894f95caefadbd03375d4f5b237518226c83f37,https://www.semanticscholar.org/paper/7894f95caefadbd03375d4f5b237518226c83f37,https://doi.org/10.24963/ijcai.2025/153,CONFERENCE_LISTED_UNVERIFIED,SUPPORTING,visual-tracking/tracker term in title or abstract,YES,https://github.com/vision4drones/FastSeqTrack,Dynamic / conditional computation; Autoregressive / sequence modeling,"Dynamic / conditional computation: early exit, early-exit, terminate forward | Autoregressive / sequence modeling: auto-regress, sequence learning, sequence-to-sequence","Sequence learning based tracking frameworks are popular in the tracking community. In practice, its auto-regressive sequence generation manner leads to inferior performance and high latency compared with latest advanced trackers. In this paper, to mitigate this issue, we propose an efficient and effective sequence-to-sequence tracking framework named FastSeqTrack. FastSeqTrack differs from previous sequence learning based trackers in terms of token initialization and sequence generation manner. Four tracking tokens are appended to patch embeddings and generated in the encoder as initial guesses for the bounding box sequence, which improves the tracking accuracy compared with randomly initialized tokens. Tracking tokens are then parallelly fed into the decoder in a one-pass manner and greatly boost the forward inference speed compared with the auto-regressive manner. Inspired by the early-exit mechanism, we inject internal classifiers after each decoder layer to early terminate forward inference when the softmax confidence is sufficiently reliable. In easy tracking frames, early exits avoid network overthinking and unnecessary computation. Extensive experiments on multiple benchmarks demonstrate that FastSeqTrack runs over 100 fps and showcases superior performance against state-of-the-art trackers. Codes and models are available at https://github.com/vision4drones/FastSeqTrack.",UNKNOWN,UNKNOWN,UNKNOWN
FARTrack:24:b17e426477160a7b7c68b92bf3138224c8858e0b,FARTrack,E:\Robot_Backup\Tracker_Q1_Documents\ConnectedPapers-for-FARTrack%3A-Fast-Autoregressive-Visual-Tracking-with-High-Performance.bib,24,article,b17e426477160a7b7c68b92bf3138224c8858e0b,Siamese Visual Tracking With Multi-Parallel Interactive Transformers,siamese visual tracking with multi parallel interactive transformers,Wuwei Wang,Wuwei Wang and Meibo Lv and Lin Zhu and Tuo Han and Yi Zhang and Yuanqing Li,2025,IEEE Transactions on Circuits and Systems for Video Technology,10.1109/tcsvt.2025.3569633,UNKNOWN,b17e426477160a7b7c68b92bf3138224c8858e0b,https://www.semanticscholar.org/paper/b17e426477160a7b7c68b92bf3138224c8858e0b,https://doi.org/10.1109/tcsvt.2025.3569633,JOURNAL_LISTED_UNVERIFIED,SUPPORTING,visual-tracking/tracker term in title or abstract,UNKNOWN,UNKNOWN,Dynamic / conditional computation; Block / layer reduction; Asymmetric template-search architecture,"Dynamic / conditional computation: dynamic | Block / layer reduction: shallow | Asymmetric template-search architecture: siamese, two stream","In recent years, Siamese network-based visual tracking methods have gained popularity and success in terms of efficiency and accuracy. However, typical Siamese trackers utilize two independent weight-sharing streams to describe the exemplar and search region without any interaction between the two streams. As a result, such trackers employ only shallow cross-correlation or correlation filters to obtain the final information association, which neglects the deep interaction between the exemplar and search region and may reduce the discriminative power of the trackers. To address this issue, we propose a novel multi-parallel interactive transformer-based (MPIT) tracking framework to introduce sufficient interaction so that the two streams can guide the prediction heads to focus on the target more easily. Unlike recent one-stream transformer-based trackers that directly concatenate template and search tokens to perform joint feature learning, our multi-parallel interactive framework introduces a transmission band module to deliver global information for both the exemplar and the search region with low computational cost. Moreover, to integrate dynamic information, we incorporate temporal level extraction into the tracking framework to increase the variety of the templates. The experimental results show that the proposed MPIT method achieves a remarkable tracking speed of 136 frames per second (FPS) while attaining performance better than or comparable to that of state-of-the-art trackers.",35,10353-10366,UNKNOWN
FARTrack:25:ff612e77c57789c945e9b339f4df001407ef1138,FARTrack,E:\Robot_Backup\Tracker_Q1_Documents\ConnectedPapers-for-FARTrack%3A-Fast-Autoregressive-Visual-Tracking-with-High-Performance.bib,25,article,ff612e77c57789c945e9b339f4df001407ef1138,CLDTracker: A Comprehensive Language Description for Visual Tracking,cldtracker a comprehensive language description for visual tracking,Mohamad Alansari,Mohamad Alansari and Sajid Javed and I. Ganapathi and Sara Alansari and Muzammal Naseer,2025,Inf. Fusion,10.1016/j.inffus.2025.103374,2505.23704,ff612e77c57789c945e9b339f4df001407ef1138,https://www.semanticscholar.org/paper/ff612e77c57789c945e9b339f4df001407ef1138,https://doi.org/10.1016/j.inffus.2025.103374,JOURNAL_LISTED_UNVERIFIED,SUPPORTING,visual-tracking/tracker term in title or abstract,YES,https://github.com/HamadYA/CLDTracker,Dynamic / conditional computation; Robustness / distractor handling,"Dynamic / conditional computation: dynamic | Robustness / distractor handling: background, occlusion, robust","VOT remains a fundamental yet challenging task in computer vision due to dynamic appearance changes, occlusions, and background clutter. Traditional trackers, relying primarily on visual cues, often struggle in such complex scenarios. Recent advancements in VLMs have shown promise in semantic understanding for tasks like open-vocabulary detection and image captioning, suggesting their potential for VOT. However, the direct application of VLMs to VOT is hindered by critical limitations: the absence of a rich and comprehensive textual representation that semantically captures the target object's nuances, limiting the effective use of language information; inefficient fusion mechanisms that fail to optimally integrate visual and textual features, preventing a holistic understanding of the target; and a lack of temporal modeling of the target's evolving appearance in the language domain, leading to a disconnect between the initial description and the object's subsequent visual changes. To bridge these gaps and unlock the full potential of VLMs for VOT, we propose CLDTracker, a novel Comprehensive Language Description framework for robust visual Tracking. Our tracker introduces a dual-branch architecture consisting of a textual and a visual branch. In the textual branch, we construct a rich bag of textual descriptions derived by harnessing the powerful VLMs such as CLIP and GPT-4V, enriched with semantic and contextual cues to address the lack of rich textual representation. Experiments on six standard VOT benchmarks demonstrate that CLDTracker achieves SOTA performance, validating the effectiveness of leveraging robust and temporally-adaptive vision-language representations for tracking. Code and models are publicly available at: https://github.com/HamadYA/CLDTracker",124,103374,UNKNOWN
FARTrack:26:621ce5f861b47f368da67982fbb8e2211afc1d3d,FARTrack,E:\Robot_Backup\Tracker_Q1_Documents\ConnectedPapers-for-FARTrack%3A-Fast-Autoregressive-Visual-Tracking-with-High-Performance.bib,26,article,621ce5f861b47f368da67982fbb8e2211afc1d3d,CausTrack: Visual tracking via structural causality and deconfounded feature learning,caustrack visual tracking via structural causality and deconfounded feature learning,Yongjun Wang,Yongjun Wang and Xiaohui Hao,2025,Neurocomputing,10.1016/j.neucom.2025.132340,UNKNOWN,621ce5f861b47f368da67982fbb8e2211afc1d3d,https://www.semanticscholar.org/paper/621ce5f861b47f368da67982fbb8e2211afc1d3d,https://doi.org/10.1016/j.neucom.2025.132340,JOURNAL_LISTED_UNVERIFIED,SUPPORTING,visual-tracking/tracker term in title or abstract,UNKNOWN,UNKNOWN,UNKNOWN,UNKNOWN,UNKNOWN,668,132340,UNKNOWN
FARTrack:27:a1f6a0471c0c73a7d6bf3dc3d31e9d3775ab26ee,FARTrack,E:\Robot_Backup\Tracker_Q1_Documents\ConnectedPapers-for-FARTrack%3A-Fast-Autoregressive-Visual-Tracking-with-High-Performance.bib,27,article,a1f6a0471c0c73a7d6bf3dc3d31e9d3775ab26ee,Exploring Dynamic Transformer for Efficient Object Tracking,exploring dynamic transformer for efficient object tracking,Jiawen Zhu,Jiawen Zhu and Xin Chen and Haiwen Diao and Shuai Li and Jun-Yan He and Chenyang Li and Bin Luo and Dong Wang and Huchuan Lu,2024,IEEE Transactions on Neural Networks and Learning Systems,10.1109/tnnls.2025.3545752,2403.17651,a1f6a0471c0c73a7d6bf3dc3d31e9d3775ab26ee,https://www.semanticscholar.org/paper/a1f6a0471c0c73a7d6bf3dc3d31e9d3775ab26ee,https://doi.org/10.1109/tnnls.2025.3545752,JOURNAL_LISTED_UNVERIFIED,SUPPORTING,visual-tracking/tracker term in title or abstract,UNKNOWN,UNKNOWN,Model compression / distillation; Dynamic / conditional computation; Lightweight backbone design; Template computation reuse; Target-aware representation; Training / loss redesign,"Model compression / distillation: distill | Dynamic / conditional computation: dynamic, routing | Lightweight backbone design: lightweight, resource-constrained | Template computation reuse: recycl | Target-aware representation: target-aware | Training / loss redesign: self-distillation","The speed-precision tradeoff is a critical problem in visual object tracking, as it typically requires low latency and is deployed on resource-constrained platforms. Existing solutions for efficient tracking primarily focus on lightweight backbones or modules, which, however, come at a sacrifice in precision. In this article, inspired by dynamic network routing, we propose DyTrack, a dynamic transformer framework for efficient tracking. Real-world tracking scenarios exhibit varying levels of complexity. We argue that a simple network is sufficient for easy video frames, while more computational resources should be assigned to difficult ones. DyTrack automatically learns to configure proper reasoning routes for different inputs, thereby improving the utilization of the available computational budget and achieving higher performance at the same running speed. We formulate instance-specific tracking as a sequential decision problem and incorporate terminating branches to intermediate layers of the model. Furthermore, we propose a feature recycling mechanism to maximize computational efficiency by reusing the outputs of predecessors. Additionally, a target-aware self-distillation strategy is designed to enhance the discriminating capabilities of early-stage predictions by mimicking the representation patterns of the deep model. Extensive experiments demonstrate that DyTrack achieves promising speed-precision tradeoffs with only a single model. For instance, DyTrack obtains 64.9% area under the curve (AUC) on LaSOT with a speed of 256 fps.",36,15502-15514,40173065
FARTrack:28:5cf588279fa2afc972956ba4c92c227694baa561,FARTrack,E:\Robot_Backup\Tracker_Q1_Documents\ConnectedPapers-for-FARTrack%3A-Fast-Autoregressive-Visual-Tracking-with-High-Performance.bib,28,article,5cf588279fa2afc972956ba4c92c227694baa561,LoReTrack: Efficient and Accurate Low-Resolution Transformer Tracking,loretrack efficient and accurate low resolution transformer tracking,Shaohua Dong,Shaohua Dong and Yunhe Feng and Qing Yang and Yuewei Lin and Heng Fan,2024,ArXiv,10.48550/arxiv.2405.17660,2405.17660,5cf588279fa2afc972956ba4c92c227694baa561,https://www.semanticscholar.org/paper/5cf588279fa2afc972956ba4c92c227694baa561,https://doi.org/10.48550/arxiv.2405.17660,ARXIV_PREPRINT,SUPPORTING,visual-tracking/tracker term in title or abstract,UNKNOWN,UNKNOWN,Model compression / distillation; Low-resolution / adaptive-resolution processing; Target-aware representation; Robustness / distractor handling; Training / loss redesign,"Model compression / distillation: distill | Low-resolution / adaptive-resolution processing: across resolutions, low resolution, low-resolution, smaller input | Target-aware representation: target-aware | Robustness / distractor handling: background | Training / loss redesign: knowledge distillation","High-performance Transformer trackers have shown excellent results, yet they often bear a heavy computational load. Observing that a smaller input can immediately and conveniently reduce computations without changing the model, an easy solution is to adopt the low-resolution input for efficient Transformer tracking. Albeit faster, this hurts tracking accuracy much due to information loss in low resolution tracking. In this paper, we aim to mitigate such information loss to boost the performance of the low-resolution Transformer tracking via dual knowledge distillation from a frozen high-resolution (but not a larger) Transformer tracker. The core lies in two simple yet effective distillation modules, comprising query-key-value knowledge distillation (QKV-KD) and discrimination knowledge distillation (Disc-KD), across resolutions. The former, from the global view, allows the low-resolution tracker to inherit the features and interactions from the high-resolution tracker, while the later, from the target-aware view, enhances the target-background distinguishing capacity via imitating discriminative regions from its high-resolution counterpart. With the dual knowledge distillation, our Low-Resolution Transformer Tracker (LoReTrack) enjoys not only high efficiency owing to reduced computation but also enhanced accuracy by distilling knowledge from the high-resolution tracker. In extensive experiments, LoReTrack with a 256x256 resolution consistently improves baseline with the same resolution, and shows competitive or even better results compared to 384x384 high-resolution Transformer tracker, while running 52% faster and saving 56% MACs. Moreover, LoReTrack is resolution-scalable. With a 128x128 resolution, it runs 25 fps on a CPU with 64.9%/46.4% SUC scores on LaSOT/LaSOText, surpassing all other CPU real-time trackers. Code will be released.",abs/2405.17660,UNKNOWN,UNKNOWN
FARTrack:29:4494aa22c6d4c9dc68a91b1b2819603b33656b13,FARTrack,E:\Robot_Backup\Tracker_Q1_Documents\ConnectedPapers-for-FARTrack%3A-Fast-Autoregressive-Visual-Tracking-with-High-Performance.bib,29,article,4494aa22c6d4c9dc68a91b1b2819603b33656b13,UETrack: A Unified and Efficient Framework for Single Object Tracking,uetrack a unified and efficient framework for single object tracking,Ben Kang,Ben Kang and Jie Zhao and Xin Chen and Wanting Geng and Bin Zhang and Lu Zhang and Dong Wang and Huchuan Lu,2026,ArXiv,10.48550/arxiv.2603.01412,2603.01412,4494aa22c6d4c9dc68a91b1b2819603b33656b13,https://www.semanticscholar.org/paper/4494aa22c6d4c9dc68a91b1b2819603b33656b13,https://doi.org/10.48550/arxiv.2603.01412,ARXIV_PREPRINT,SUPPORTING,visual-tracking/tracker term in title or abstract,YES,https://github.com/kangben258/UETrack,Model compression / distillation; Lightweight backbone design; Target-aware representation,Model compression / distillation: distill | Lightweight backbone design: resource-constrained | Target-aware representation: target-aware,"With growing real-world demands, efficient tracking has received increasing attention. However, most existing methods are limited to RGB inputs and struggle in multi-modal scenarios. Moreover, current multi-modal tracking approaches typically use complex designs, making them too heavy and slow for resource-constrained deployment. To tackle these limitations, we propose UETrack, an efficient framework for single object tracking. UETrack demonstrates high practicality and versatility, efficiently handling multiple modalities including RGB, Depth, Thermal, Event, and Language, and addresses the gap in efficient multi-modal tracking. It introduces two key components: a Token-Pooling-based Mixture-of-Experts mechanism that enhances modeling capacity through feature aggregation and expert specialization, and a Target-aware Adaptive Distillation strategy that selectively performs distillation based on sample characteristics, reducing redundant supervision and improving performance. Extensive experiments on 12 benchmarks across 3 hardware platforms show that UETrack achieves a superior speed-accuracy trade-off compared to previous methods. For instance, UETrack-B achieves 69.2% AUC on LaSOT and runs at 163/56/60 FPS on GPU/CPU/AGX, demonstrating strong practicality and versatility. Code is available at https://github.com/kangben258/UETrack.",abs/2603.01412,UNKNOWN,UNKNOWN
FARTrack:30:bc64a56b27efc2af9423a7c1715e44e265887ff9,FARTrack,E:\Robot_Backup\Tracker_Q1_Documents\ConnectedPapers-for-FARTrack%3A-Fast-Autoregressive-Visual-Tracking-with-High-Performance.bib,30,article,bc64a56b27efc2af9423a7c1715e44e265887ff9,GOT-Edit: Geometry-Aware Generic Object Tracking via Online Model Editing,got edit geometry aware generic object tracking via online model editing,Shih-Fang Chen,Shih-Fang Chen and Jun-Cheng Chen and I-Hong Jhuo and Yen-Yu Lin,2026,ArXiv,10.48550/arxiv.2602.08550,2602.08550,bc64a56b27efc2af9423a7c1715e44e265887ff9,https://www.semanticscholar.org/paper/bc64a56b27efc2af9423a7c1715e44e265887ff9,https://doi.org/10.48550/arxiv.2602.08550,ARXIV_PREPRINT,SUPPORTING,visual-tracking/tracker term in title or abstract,UNKNOWN,UNKNOWN,Robustness / distractor handling,"Robustness / distractor handling: distractor, occlusion, robust","Human perception for effective object tracking in 2D video streams arises from the implicit use of prior 3D knowledge and semantic reasoning. In contrast, most generic object tracking (GOT) methods primarily rely on 2D features of the target and its surroundings, while neglecting 3D geometric cues, making them susceptible to partial occlusion, distractors, and variations in geometry and appearance. To address this limitation, we introduce GOT-Edit, an online cross-modality model editing approach that integrates geometry-aware cues into a generic object tracker from a 2D video stream. Our approach leverages features from a pre-trained Visual Geometry Grounded Transformer to infer geometric cues from only a few 2D images. To address the challenge of seamlessly combining geometry and semantics, GOT-Edit performs online model editing. By leveraging null-space constraints during model updates, it incorporates geometric information while preserving semantic discrimination, yielding consistently better performance across diverse scenarios. Extensive experiments on multiple GOT benchmarks demonstrate that GOT-Edit achieves superior robustness and accuracy, particularly under occlusion and clutter, establishing a new paradigm for combining 2D semantics with 3D geometric reasoning for generic object tracking. The project page is available at https://chenshihfang.github.io/GOT-EDIT.",abs/2602.08550,UNKNOWN,UNKNOWN
FARTrack:31:d1054ba696350461941221b4f0a8b3b408a12d26,FARTrack,E:\Robot_Backup\Tracker_Q1_Documents\ConnectedPapers-for-FARTrack%3A-Fast-Autoregressive-Visual-Tracking-with-High-Performance.bib,31,article,d1054ba696350461941221b4f0a8b3b408a12d26,Improving Visual Object Tracking Through Visual Prompting,improving visual object tracking through visual prompting,Shih-Fang Chen,Shih-Fang Chen and Jun-Cheng Chen and I-Hong Jhuo and Yen-Yu Lin,2024,IEEE Transactions on Multimedia,10.1109/tmm.2025.3535323,2409.18901,d1054ba696350461941221b4f0a8b3b408a12d26,https://www.semanticscholar.org/paper/d1054ba696350461941221b4f0a8b3b408a12d26,https://doi.org/10.1109/tmm.2025.3535323,JOURNAL_LISTED_UNVERIFIED,SUPPORTING,visual-tracking/tracker term in title or abstract,UNKNOWN,UNKNOWN,Dynamic / conditional computation; Robustness / distractor handling,Dynamic / conditional computation: dynamic | Robustness / distractor handling: distractor,"Learning a discriminative model to distinguish a target from its surrounding distractors is essential to generic visual object tracking. Dynamic target representation adaptation against distractors is challenging due to the limited discriminative capabilities of prevailing trackers. We present a new visual Prompting mechanism for generic Visual Object Tracking (PiVOT) to address this issue. PiVOT proposes a prompt generation network with the pre-trained foundation model CLIP to automatically generate and refine visual prompts, enabling the transfer of foundation model knowledge for tracking. While CLIP offers broad category-level knowledge, the tracker, trained on instance-specific data, excels at recognizing unique object instances. Thus, PiVOT first compiles a visual prompt highlighting potential target locations. To transfer the knowledge of CLIP to the tracker, PiVOT leverages CLIP to refine the visual prompt based on the similarities between candidate objects and the reference templates across potential targets. Once the visual prompt is refined, it can better highlight potential target locations, thereby reducing irrelevant prompt information. With the proposed prompting mechanism, the tracker can generate improved instance-aware feature maps through the guidance of the visual prompt, thus effectively reducing distractors. The proposed method does not involve CLIP during training, thereby keeping the same training complexity and preserving the generalization capability of the pretrained foundation model. Extensive experiments across multiple benchmarks indicate that PiVOT, using the proposed prompting method can suppress distracting objects and enhance the tracker.",27,2682-2694,UNKNOWN
FARTrack:32:c54e5e0c573e2f40f9a253a102b2282dc5d6e96a,FARTrack,E:\Robot_Backup\Tracker_Q1_Documents\ConnectedPapers-for-FARTrack%3A-Fast-Autoregressive-Visual-Tracking-with-High-Performance.bib,32,article,c54e5e0c573e2f40f9a253a102b2282dc5d6e96a,FETrack: One-stream framework-based feature enhancement for object tracking,fetrack one stream framework based feature enhancement for object tracking,Yue Chen,Yue Chen and Huiying Xu and Xinzhong Zhu and Xuedong He and Hongbo Li and Yi Li,2026,Digit. Signal Process.,10.1016/j.dsp.2026.105935,UNKNOWN,c54e5e0c573e2f40f9a253a102b2282dc5d6e96a,https://www.semanticscholar.org/paper/c54e5e0c573e2f40f9a253a102b2282dc5d6e96a,https://doi.org/10.1016/j.dsp.2026.105935,JOURNAL_LISTED_UNVERIFIED,SUPPORTING,visual-tracking/tracker term in title or abstract,UNKNOWN,UNKNOWN,UNKNOWN,UNKNOWN,UNKNOWN,173,105935,UNKNOWN
FARTrack:33:69ac01ebd31a3a2945d1023803f712938a64b3d9,FARTrack,E:\Robot_Backup\Tracker_Q1_Documents\ConnectedPapers-for-FARTrack%3A-Fast-Autoregressive-Visual-Tracking-with-High-Performance.bib,33,article,69ac01ebd31a3a2945d1023803f712938a64b3d9,Enhancing the Two-Stream Framework for Efficient Visual Tracking,enhancing the two stream framework for efficient visual tracking,Chengao Zong,Chengao Zong and Xin Chen and Jie Zhao and Yang Liu and Huchuan Lu and Dong Wang,2025,IEEE Transactions on Image Processing,10.1109/tip.2025.3598934,UNKNOWN,69ac01ebd31a3a2945d1023803f712938a64b3d9,https://www.semanticscholar.org/paper/69ac01ebd31a3a2945d1023803f712938a64b3d9,https://doi.org/10.1109/tip.2025.3598934,JOURNAL_LISTED_UNVERIFIED,SUPPORTING,visual-tracking/tracker term in title or abstract,UNKNOWN,UNKNOWN,Lightweight backbone design; Asymmetric template-search architecture; Relation / cross-attention modeling,"Lightweight backbone design: edge device, lightweight | Asymmetric template-search architecture: two-stream | Relation / cross-attention modeling: feature fusion","Practical deployments, especially on resource-limited edge devices, necessitate high speed for visual object trackers. To meet this demand, we introduce a new efficient tracker with a Two-Stream architecture, named ToS. While the recent one-stream tracking framework, employing a unified backbone for simultaneous processing of both the template and search region, has demonstrated exceptional efficacy, we find the conventional two-stream tracking framework, which employs two separate backbones for the template and search region, offers inherent advantages. The two-stream tracking framework is more compatible with advanced lightweight backbones and can efficiently utilize benefits from large templates. We demonstrate that the two-stream setup can exceed the one-stream tracking model in both speed and accuracy through strategic designs. Our methodology rejuvenates the two-stream tracking paradigm with lightweight pre-trained backbones and the proposed three efficient strategies: 1) A feature-aggregation module that improves the representation capability of the backbone, 2) A channel-wise approach for feature fusion, presenting a more effective and lighter alternative to spatial concatenation techniques, and 3) An expanded template strategy to boost tracking accuracy with negligible additional computational cost. Extensive evaluations across multiple tracking benchmarks demonstrate that the proposed method sets a new state-of-the-art performance in efficient visual tracking.",34,5500-5512,40833897
FARTrack:34:d08d4172a380b917781cafe11a9060f4eec89138,FARTrack,E:\Robot_Backup\Tracker_Q1_Documents\ConnectedPapers-for-FARTrack%3A-Fast-Autoregressive-Visual-Tracking-with-High-Performance.bib,34,article,d08d4172a380b917781cafe11a9060f4eec89138,Efficient and Accurate Low-Resolution Transformer Tracking,efficient and accurate low resolution transformer tracking,Shaohua Dong,Shaohua Dong and Yunhe Feng and J. Liang and Qing Yang and Yuewei Lin and Heng Fan,2025,2025 IEEE/RSJ International Conference on Intelligent Robots and Systems (IROS),10.1109/iros60139.2025.11247730,UNKNOWN,d08d4172a380b917781cafe11a9060f4eec89138,https://www.semanticscholar.org/paper/d08d4172a380b917781cafe11a9060f4eec89138,https://doi.org/10.1109/iros60139.2025.11247730,CONFERENCE_LISTED_UNVERIFIED,SUPPORTING,visual-tracking/tracker term in title or abstract,YES,https://github.com/ShaohuaDong2021/LoReTrack,Model compression / distillation; Low-resolution / adaptive-resolution processing; Target-aware representation; Robustness / distractor handling; Training / loss redesign,"Model compression / distillation: distill | Low-resolution / adaptive-resolution processing: across resolutions, low resolution, low-resolution, smaller input | Target-aware representation: target-aware | Robustness / distractor handling: background | Training / loss redesign: knowledge distillation","High-performance Transformer trackers have exhibited excellent results, yet they often bear a heavy computational load. Observing that a smaller input can immediately and conveniently reduce computations without changing the model, an easy solution is to adopt a low-resolution input for efficient Transformer tracking. Albeit faster, this hurts tracking accuracy much due to the information loss in low resolution tracking. In this paper, we aim to mitigate such information loss to boost performance of low-resolution Transformer tracking via dual knowledge distillation from a frozen high-resolution (but not a larger) Transformer tracker. The core lies in two simple yet effective distillation modules, including query-key-value knowledge distillation (QKV-KD) and discrimination knowledge distillation (Disc-KD), across resolutions. The former, from the global view, allows the low-resolution tracker to inherit features and interactions from the high-resolution tracker, while the later, from the target-aware view, enhances the target-background distinguishing capacity via imitating discriminative regions from its high-resolution counterpart. With dual knowledge distillation, our Low-Resolution Transformer Tracker, dubbed LoReTrack, enjoys not only high efficiency owing to reduced computation but also enhanced accuracy by distilling knowledge from the high-resolution tracker. In extensive experiments, LoReTrack with a 2562 resolution consistently improves baseline with the same resolution, and shows competitive or better results compared to the 3842 high-resolution Transformer tracker, while running 52% faster and saving 56% MACs. Moreover, LoReTrack is resolution-scalable. With a 1282 resolution, it runs 25 fps on a CPU with SUC scores of 64.9%/46.4% on LaSOT/LaSOText, surpassing other CPU real-time trackers. Code is released at https://github.com/ShaohuaDong2021/LoReTrack.",UNKNOWN,20677-20684,UNKNOWN
FARTrack:35:9f5a7dec1b4107581ef76d7e43d36efa0480f622,FARTrack,E:\Robot_Backup\Tracker_Q1_Documents\ConnectedPapers-for-FARTrack%3A-Fast-Autoregressive-Visual-Tracking-with-High-Performance.bib,35,article,9f5a7dec1b4107581ef76d7e43d36efa0480f622,CSCL: Bridging the plasticity-stability gap in continuous supervised contrastive learning,cscl bridging the plasticity stability gap in continuous supervised contrastive learning,Yi Xiong,Yi Xiong and Liqi Xiang and Qianyue Cao and Zongwei Zhu and Zirui Lian and Jing Cao and Xuehai Zhou,2025,Neural networks : the official journal of the International Neural Network Society,10.1016/j.neunet.2025.108179,UNKNOWN,9f5a7dec1b4107581ef76d7e43d36efa0480f622,https://www.semanticscholar.org/paper/9f5a7dec1b4107581ef76d7e43d36efa0480f622,https://doi.org/10.1016/j.neunet.2025.108179,JOURNAL_LISTED_UNVERIFIED,OUT_OF_SCOPE,explicit non-visual/neuroscience term in BibTeX metadata,UNKNOWN,UNKNOWN,Training / loss redesign,Training / loss redesign: contrastive,"In real-world scenarios characterized by non-stationary data streams, Continual Learning (CL) aims to enable learners to acquire information from new classes without interrupting previously learned knowledge. Recently, several empirical studies have indicated that incorporating Supervised Contrastive Learning (SCL) into CL results in notable performance improvements. This paper delves into its underlying reason and theoretically suggests the SCL's potential to bolster the model's resistance to forgetting. However, despite the advancements, this paper also notes that models trained under SCL still exhibit challenges in learning plasticity and memory stability within representation space throughout the continual learning process. To address these challenges, this paper proposes a novel framework named Continual Supervised Contrastive Learning (CSCL). CSCL incorporates its key components, the De-redundant Interpolation Method and the Magnetic Force Method, into the SCL training paradigm, aiming to enhance the model's adaptability to new tasks and its ability to retain the knowledge of previously learned tasks. The De-redundant Interpolation Method enhances negative sample diversity through intra-class de-redundancy and inter-class linear interpolation, promoting better learning plasticityof new class representations. Concurrently, the Magnetic Force Method ensures inter-class separation via magnetic repulsion while fostering intra-class aggregation through magnetic attraction, thus forming a uniform distribution of all classes in latent space and supporting the memory stability of old class representations. Extensive experimental validations under popular benchmark image classification datasets indicate the advanced performance of the proposed framework. Additionally, the De-redundant Interpolation Method and Magnetic Force Method demonstrate their flexibility by seamlessly integrating with existing SCL-based continual learning frameworks as plug-ins, boosting classification accuracy by 2.20 to 15.56 points.",196,108179,41422756
FARTrack:36:2a7fd569e1c203f3ad25fcd1d8412b2efb3bbe6e,FARTrack,E:\Robot_Backup\Tracker_Q1_Documents\ConnectedPapers-for-FARTrack%3A-Fast-Autoregressive-Visual-Tracking-with-High-Performance.bib,36,article,2a7fd569e1c203f3ad25fcd1d8412b2efb3bbe6e,Autoregressive Sequential Pretraining for Visual Tracking,autoregressive sequential pretraining for visual tracking,Shiyi Liang,Shiyi Liang and Yifan Bai and Yihong Gong and Xing Wei,2025,2025 IEEE/CVF Conference on Computer Vision and Pattern Recognition (CVPR),10.1109/cvpr52734.2025.00680,UNKNOWN,2a7fd569e1c203f3ad25fcd1d8412b2efb3bbe6e,https://www.semanticscholar.org/paper/2a7fd569e1c203f3ad25fcd1d8412b2efb3bbe6e,https://doi.org/10.1109/cvpr52734.2025.00680,CONFERENCE_LISTED_UNVERIFIED,SUPPORTING,visual-tracking/tracker term in title or abstract,UNKNOWN,UNKNOWN,Dynamic / conditional computation; Autoregressive / sequence modeling; Motion modeling,"Dynamic / conditional computation: dynamic | Autoregressive / sequence modeling: autoregress | Motion modeling: motion, trajectory","Recent advancements in visual object tracking have shifted towards a sequential generation paradigm, where object deformation and motion exhibit strong temporal dependencies. Despite the importance of these dependencies, widely adopted image-level pretrained backbones barely capture the dynamics in the consecutive video, which is the essence of tracking. Thus, we propose AutoRegressive Sequential Pretraining (ARP), an unsupervised spatio-temporal learner, via generating the evolution of object appearance and motion in video sequences. Our method leverages a diffusion model to autoregressively generate the future frame appearance, conditioned on historical embeddings extracted by a general encoder. Furthermore, to ensure trajectory coherence, the same encoder is employed to learn trajectory consistency by generating coordinate sequences in a reverse autoregressive fashion, a process we term backtracking. Further, we integrate the pretrained ARP into AR-TrackV2, creating ARPTrack, which is further fine-tuned for tracking tasks. ARPTrack achieves state-of-the-art performance across multiple benchmarks, becoming the first tracker to surpass 80% AO on GOT-10k, while maintaining high efficiency. These results demonstrate the effectiveness of our approach in capturing temporal dependencies for continuous video tracking. The code will be released soon.",UNKNOWN,7254-7264,UNKNOWN
FARTrack:37:985ffbc91ee8d79b0530fd7003155b9aa1a03783,FARTrack,E:\Robot_Backup\Tracker_Q1_Documents\ConnectedPapers-for-FARTrack%3A-Fast-Autoregressive-Visual-Tracking-with-High-Performance.bib,37,article,985ffbc91ee8d79b0530fd7003155b9aa1a03783,RELO: Reinforcement Learning to Localize for Visual Object Tracking,relo reinforcement learning to localize for visual object tracking,Xin Chen,Xin Chen and Chuanyu Sun and Jiao Xu and Houwen Peng and Dong Wang and Huchuan Lu and Kede Ma,2026,ArXiv,10.48550/arxiv.2605.07379,2605.07379,985ffbc91ee8d79b0530fd7003155b9aa1a03783,https://www.semanticscholar.org/paper/985ffbc91ee8d79b0530fd7003155b9aa1a03783,https://doi.org/10.48550/arxiv.2605.07379,ARXIV_PREPRINT,SUPPORTING,visual-tracking/tracker term in title or abstract,UNKNOWN,UNKNOWN,Temporal context / video-level memory,Temporal context / video-level memory: across frames,"Conventional visual object trackers localize targets using handcrafted spatial priors, often in the form of heatmaps. Such priors provide only surrogate supervision and are poorly aligned with tracking optimization and evaluation metrics, such as intersection over union (IoU) and area under the success curve (AUC). Here, we introduce RELO, a REinforcement-learning-to-LOcalize method for visual object tracking that formulates target localization as a Markov decision process. Specifically, RELO replaces handcrafted spatial priors with a localization policy learned over spatial positions via reinforcement learning, with rewards combining frame-level IoU and sequence-level AUC. We additionally introduce layer-aligned temporal token propagation to improve semantic consistency across frames, with negligible computational overhead. Across multiple benchmarks, RELO achieves superior results, attaining 57.5% AUC on LaSOText without template updates. This confirms that reward-driven localization provides an effective alternative to prior-driven localization for visual object tracking.",abs/2605.07379,UNKNOWN,UNKNOWN
FARTrack:38:c50a76bd9ce8194f2385e72deae6ec531549a396,FARTrack,E:\Robot_Backup\Tracker_Q1_Documents\ConnectedPapers-for-FARTrack%3A-Fast-Autoregressive-Visual-Tracking-with-High-Performance.bib,38,article,c50a76bd9ce8194f2385e72deae6ec531549a396,LiteTrack: Layer Pruning with Asynchronous Feature Extraction for Lightweight and Efficient Visual Tracking,litetrack layer pruning with asynchronous feature extraction for lightweight and efficient visual tracking,Qingmao Wei,Qingmao Wei and Bi Zeng and Jianqi Liu and Li He and Guotian Zeng,2023,2024 IEEE International Conference on Robotics and Automation (ICRA),10.1109/icra57147.2024.10610022,2309.09249,c50a76bd9ce8194f2385e72deae6ec531549a396,https://www.semanticscholar.org/paper/c50a76bd9ce8194f2385e72deae6ec531549a396,https://doi.org/10.1109/icra57147.2024.10610022,CONFERENCE_LISTED_UNVERIFIED,SUPPORTING,visual-tracking/tracker term in title or abstract,YES,https://github.com/TsingWei/LiteTrack,Pruning; Lightweight backbone design,"Pruning: prun | Lightweight backbone design: edge device, lightweight","The recent advancements in transformer-based visual trackers have led to significant progress, attributed to their strong modeling capabilities. However, as performance improves, running latency correspondingly increases, presenting a challenge for real-time robotics applications, especially on edge devices with computational constraints. In response to this, we introduce LiteTrack, an efficient transformer-based tracking model optimized for high-speed operations across various devices. It achieves a more favorable trade-off between accuracy and efficiency than the other lightweight trackers. The main innovations of LiteTrack encompass: 1) asynchronous feature extraction and interaction between the template and search region for better feature fushion and cutting redundant computation, and 2) pruning encoder layers from a heavy tracker to refine the balnace between performance and speed. As an example, our fastest variant, LiteTrack-B4, achieves 65.2% AO on the GOT-10k benchmark, surpassing all preceding efficient trackers, while running over 100 fps with ONNX on the Jetson Orin NX edge device. Moreover, our LiteTrack-B9 reaches competitive 72.2% AO on GOT-10k and 82.4% AUC on TrackingNet, and operates at 171 fps on an NVIDIA 2080Ti GPU. The code and demo materials will be available at https://github.com/TsingWei/LiteTrack.",UNKNOWN,4968-4975,UNKNOWN
FARTrack:39:b3188ac5b80cf03227bdbcdcc437889e8f1e7816,FARTrack,E:\Robot_Backup\Tracker_Q1_Documents\ConnectedPapers-for-FARTrack%3A-Fast-Autoregressive-Visual-Tracking-with-High-Performance.bib,39,article,b3188ac5b80cf03227bdbcdcc437889e8f1e7816,CasCenter: A Cascaded Center Network for Visual Tracking,cascenter a cascaded center network for visual tracking,Qun Li,Qun Li and Haijun Zhang and Kai Yang and Yongchao Shi and Deqiang Zeng and W. Yap,2025,IEEE Transactions on Consumer Electronics,10.1109/tce.2025.3547962,UNKNOWN,b3188ac5b80cf03227bdbcdcc437889e8f1e7816,https://www.semanticscholar.org/paper/b3188ac5b80cf03227bdbcdcc437889e8f1e7816,https://doi.org/10.1109/tce.2025.3547962,JOURNAL_LISTED_UNVERIFIED,SUPPORTING,visual-tracking/tracker term in title or abstract,UNKNOWN,UNKNOWN,Low-resolution / adaptive-resolution processing; Relation / cross-attention modeling; Robustness / distractor handling,Low-resolution / adaptive-resolution processing: low resolution | Relation / cross-attention modeling: cross-attention | Robustness / distractor handling: background,"Object tracking has advanced significantly with Transformer-based architectures in recent years. However, replacing convolutional layers with global cross-attention in the tracking head of these architectures results in a loss of object-centric inductive bias. Consequently, existing Transformer-based methods often struggle with complex real-life scenarios, such as low resolution, background clutter, and scale variation. To address this issue, we propose a new Vision Transformer-based anchor-free tracking framework named CasCenter. Specifically, the framework features a cascade attention module in the decoder that propagates tracking cues from the previous tracking head to refine object features in a coarse-to-fine manner, enabling the tracker to focus more effectively on the target. Additionally, to further improve tracking stability and accuracy, we incorporate SIoU loss, a multi-scale tracking head, and a Gaussian mask-constrained cross-attention mechanism that emphasizes target regions while suppressing background interference. Extensive experiments demonstrate the superiority of our proposed CasCenter.",71,2864-2875,UNKNOWN
FARTrack:40:8e0e609ca33109a471e3e14b30763715c7f08908,FARTrack,E:\Robot_Backup\Tracker_Q1_Documents\ConnectedPapers-for-FARTrack%3A-Fast-Autoregressive-Visual-Tracking-with-High-Performance.bib,40,article,8e0e609ca33109a471e3e14b30763715c7f08908,Exploring Pruning-Based Efficient Object Tracking via Hybrid Knowledge Distillation,exploring pruning based efficient object tracking via hybrid knowledge distillation,Yidong Song,Yidong Song and Shilei Wang and Zhaochuan Zeng and Jikai Zheng and Zhenhua Wang and Jifeng Ning,2026,IEEE Transactions on Circuits and Systems for Video Technology,10.1109/tcsvt.2025.3609410,UNKNOWN,8e0e609ca33109a471e3e14b30763715c7f08908,https://www.semanticscholar.org/paper/8e0e609ca33109a471e3e14b30763715c7f08908,https://doi.org/10.1109/tcsvt.2025.3609410,JOURNAL_LISTED_UNVERIFIED,SUPPORTING,visual-tracking/tracker term in title or abstract,UNKNOWN,UNKNOWN,Model compression / distillation; Pruning; Training / loss redesign,Model compression / distillation: distill | Pruning: prun | Training / loss redesign: knowledge distillation,UNKNOWN,36,2433-2448,UNKNOWN
FARTrack:41:5a68d08b3a498f404b531c65743edbb5903f4456,FARTrack,E:\Robot_Backup\Tracker_Q1_Documents\ConnectedPapers-for-FARTrack%3A-Fast-Autoregressive-Visual-Tracking-with-High-Performance.bib,41,article,5a68d08b3a498f404b531c65743edbb5903f4456,Exploiting Lightweight Hierarchical ViT and Dynamic Framework for Efficient Visual Tracking,exploiting lightweight hierarchical vit and dynamic framework for efficient visual tracking,Ben Kang,Ben Kang and Xin Chen and Jie Zhao and Chunjuan Bo and Dong Wang and Huchuan Lu,2025,International Journal of Computer Vision,10.1007/s11263-025-02500-9,2506.20381,5a68d08b3a498f404b531c65743edbb5903f4456,https://www.semanticscholar.org/paper/5a68d08b3a498f404b531c65743edbb5903f4456,https://doi.org/10.1007/s11263-025-02500-9,JOURNAL_LISTED_UNVERIFIED,SUPPORTING,visual-tracking/tracker term in title or abstract,YES,https://github.com/kangben258/HiT,Dynamic / conditional computation; Lightweight backbone design,"Dynamic / conditional computation: dynamic, routing | Lightweight backbone design: lightweight, resource-constrained","Transformer-based visual trackers have demonstrated significant advancements due to their powerful modeling capabilities. However, their practicality is limited on resource-constrained devices because of their slow processing speeds. To address this challenge, we present HiT, a novel family of efficient tracking models that achieve high performance while maintaining fast operation across various devices. The core innovation of HiT lies in its Bridge Module, which connects lightweight transformers to the tracking framework, enhancing feature representation quality. Additionally, we introduce a dual-image position encoding approach to effectively encode spatial information. HiT achieves an impressive speed of 61 frames per second (fps) on the NVIDIA Jetson AGX platform, alongside a competitive AUC of 64.6% on the LaSOT benchmark, outperforming all previous efficient trackers. Building on HiT, we propose DyHiT, an efficient dynamic tracker that flexibly adapts to scene complexity by selecting routes with varying computational requirements. DyHiT uses search area features extracted by the backbone network and inputs them into an efficient dynamic router to classify tracking scenarios. Based on the classification, DyHiT applies a divide-and-conquer strategy, selecting appropriate routes to achieve a superior trade-off between accuracy and speed. The fastest version of DyHiT achieves 111 fps on NVIDIA Jetson AGX while maintaining an AUC of 62.4% on LaSOT. Furthermore, we introduce a training-free acceleration method based on the dynamic routing architecture of DyHiT. This method significantly improves the execution speed of various high-performance trackers without sacrificing accuracy. For instance, our acceleration method enables the state-of-the-art tracker SeqTrack-B256 to achieve a 2.68×\documentclass[12pt]minimal \usepackageamsmath \usepackagewasysym \usepackageamsfonts \usepackageamssymb \usepackageamsbsy \usepackagemathrsfs \usepackageupgreek \setlength\oddsidemargin-69pt \begindocument$$2.68\times $$\enddocument speedup on an NVIDIA GeForce RTX 2080 Ti GPU while maintaining the same AUC of 69.9% on the LaSOT. Codes, models, and results are available at https://github.com/kangben258/HiT.",133,6689 - 6711,UNKNOWN
SpikeTrack:01:116e7d66f82b21e9e9fe5f4b4e9a25026a9ca8b2,SpikeTrack,E:\Robot_Backup\Tracker_Q1_Documents\ConnectedPapers-for-SpikeTrack%3A-A-Spike%20driven-Framework-for-Efficient-Visual-Tracking.bib,1,article,116e7d66f82b21e9e9fe5f4b4e9a25026a9ca8b2,SpikeTrack: A Spike-driven Framework for Efficient Visual Tracking,spiketrack a spike driven framework for efficient visual tracking,Qiuyang Zhang,Qiuyang Zhang and Jiujun Cheng and Qichao Mao and Congbin Liu and Yubin Fang and Yuhong Li and Mengying Ge and Shangce Gao,2026,UNKNOWN,UNKNOWN,2602.23963,116e7d66f82b21e9e9fe5f4b4e9a25026a9ca8b2,https://www.semanticscholar.org/paper/116e7d66f82b21e9e9fe5f4b4e9a25026a9ca8b2,https://arxiv.org/abs/2602.23963,ARXIV_PREPRINT,PRIMARY,exact fixed-anchor title (SpikeTrack),YES,https://github.com/faicaiwawa/SpikeTrack,Dynamic / conditional computation; Asymmetric template-search architecture; Template / target memory; SNN / neuromorphic computation; Temporal timestep optimization; Target-aware representation,"Dynamic / conditional computation: dynamic | Asymmetric template-search architecture: asymmetric | Template / target memory: memory initialized by the template | SNN / neuromorphic computation: snn, spike-driven, spiking neural | Temporal timestep optimization: timestep | Target-aware representation: target cue","Spiking Neural Networks (SNNs) promise energy-efficient vision, but applying them to RGB visual tracking remains difficult: Existing SNN tracking frameworks either do not fully align with spike-driven computation or do not fully leverage neurons'spatiotemporal dynamics, leading to a trade-off between efficiency and accuracy. To address this, we introduce SpikeTrack, a spike-driven framework for energy-efficient RGB object tracking. SpikeTrack employs a novel asymmetric design that uses asymmetric timestep expansion and unidirectional information flow, harnessing spatiotemporal dynamics while cutting computation. To ensure effective unidirectional information transfer between branches, we design a memory-retrieval module inspired by neural inference mechanisms. This module recurrently queries a compact memory initialized by the template to retrieve target cues and sharpen target perception over time. Extensive experiments demonstrate that SpikeTrack achieves the state-of-the-art among SNN-based trackers and remains competitive with advanced ANN trackers. Notably, it surpasses TransT on LaSOT dataset while consuming only 1/26 of its energy. To our knowledge, SpikeTrack is the first spike-driven framework to make RGB tracking both accurate and energy efficient. The code and models are available at https://github.com/faicaiwawa/SpikeTrack.",UNKNOWN,UNKNOWN,UNKNOWN
SpikeTrack:02:782de56ec4cdf620c1e6eba495960a772c1efd25,SpikeTrack,E:\Robot_Backup\Tracker_Q1_Documents\ConnectedPapers-for-SpikeTrack%3A-A-Spike%20driven-Framework-for-Efficient-Visual-Tracking.bib,2,article,782de56ec4cdf620c1e6eba495960a772c1efd25,Foreground-Background Distribution Modeling Transformer for Visual Object Tracking,foreground background distribution modeling transformer for visual object tracking,Da-Ming Yang,Da-Ming Yang and Jianfeng He and Yinchao Ma and Qianjin Yu and Tianzhu Zhang,2023,2023 IEEE/CVF International Conference on Computer Vision (ICCV),10.1109/iccv51070.2023.00928,UNKNOWN,782de56ec4cdf620c1e6eba495960a772c1efd25,https://www.semanticscholar.org/paper/782de56ec4cdf620c1e6eba495960a772c1efd25,https://doi.org/10.1109/iccv51070.2023.00928,CONFERENCE_LISTED_UNVERIFIED,SUPPORTING,visual-tracking/tracker term in title or abstract,UNKNOWN,UNKNOWN,Robustness / distractor handling,Robustness / distractor handling: background,"Visual object tracking is a fundamental research topic with a broad range of applications. Benefiting from the rapid development of Transformer, pure Transformer trackers have achieved great progress. However, the feature learning of these Transformer-based trackers is easily disturbed by complex backgrounds. To address the above limitations, we propose a novel foreground-background distribution modeling transformer for visual object tracking (F-BDMTrack), including a fore-background agent learning (FBAL) module and a distribution-aware attention (DA2) module in a unified transformer architecture. The proposed F-BDMTrack enjoys several merits. First, the proposed FBAL module can effectively mine fore-background information with designed fore-background agents. Second, the DA2 module can suppress the incorrect interaction between foreground and background by modeling fore-background distribution similarities. Finally, F-BDMTrack can extract discriminative features under ever-changing tracking scenarios for more accurate target state estimation. Extensive experiments show that our F-BDMTrack outperforms previous state-of-the-art trackers on eight tracking benchmarks.",UNKNOWN,10083-10093,UNKNOWN
SpikeTrack:03:3745896ecf8a08a3ff498851a4dddd3c6e8c90d7,SpikeTrack,E:\Robot_Backup\Tracker_Q1_Documents\ConnectedPapers-for-SpikeTrack%3A-A-Spike%20driven-Framework-for-Efficient-Visual-Tracking.bib,3,article,3745896ecf8a08a3ff498851a4dddd3c6e8c90d7,Local Feature Enhancement based One-Stream Transformer Tracking,local feature enhancement based one stream transformer tracking,Jinfen Liu,Jinfen Liu and Zhijia Shi and Yun Gao,2025,"2025 6th International Conference on Computer Vision, Image and Deep Learning (CVIDL)",10.1109/cvidl65390.2025.11086075,UNKNOWN,3745896ecf8a08a3ff498851a4dddd3c6e8c90d7,https://www.semanticscholar.org/paper/3745896ecf8a08a3ff498851a4dddd3c6e8c90d7,https://doi.org/10.1109/cvidl65390.2025.11086075,CONFERENCE_LISTED_UNVERIFIED,SUPPORTING,visual-tracking/tracker term in title or abstract,UNKNOWN,UNKNOWN,UNKNOWN,UNKNOWN,"In target tracking, most existing one-stream Transformer methods focus on the extraction of global features and lack attention to local features at the detail level. To address this problem, this paper proposes a one-stream Transformer tracking method based on local feature enhancement. The method further effectively enhances the utilization of detail features by directly extracting local features from the search region and using these local windows to enhance the search region. This method is able to focus on the detail level of the target while preserving the contextual information, thus achieving an effective balance between global perception and local characterization capabilities. The experimental results show that this method improves the tracker performance over the traditional global enhancement model on benchmark datasets such as TrackingNet, GOT-10K and TNL2K.",UNKNOWN,1000-1004,UNKNOWN
SpikeTrack:04:7894f95caefadbd03375d4f5b237518226c83f37,SpikeTrack,E:\Robot_Backup\Tracker_Q1_Documents\ConnectedPapers-for-SpikeTrack%3A-A-Spike%20driven-Framework-for-Efficient-Visual-Tracking.bib,4,article,7894f95caefadbd03375d4f5b237518226c83f37,Exploring Efficient and Effective Sequence Learning for Visual Object Tracking,exploring efficient and effective sequence learning for visual object tracking,Dongdong Li,Dongdong Li and Zhinan Gao and Yangliu Kuai and Rui Chen,2025,UNKNOWN,10.24963/ijcai.2025/153,UNKNOWN,7894f95caefadbd03375d4f5b237518226c83f37,https://www.semanticscholar.org/paper/7894f95caefadbd03375d4f5b237518226c83f37,https://doi.org/10.24963/ijcai.2025/153,CONFERENCE_LISTED_UNVERIFIED,SUPPORTING,visual-tracking/tracker term in title or abstract,YES,https://github.com/vision4drones/FastSeqTrack,Dynamic / conditional computation; Autoregressive / sequence modeling,"Dynamic / conditional computation: early exit, early-exit, terminate forward | Autoregressive / sequence modeling: auto-regress, sequence learning, sequence-to-sequence","Sequence learning based tracking frameworks are popular in the tracking community. In practice, its auto-regressive sequence generation manner leads to inferior performance and high latency compared with latest advanced trackers. In this paper, to mitigate this issue, we propose an efficient and effective sequence-to-sequence tracking framework named FastSeqTrack. FastSeqTrack differs from previous sequence learning based trackers in terms of token initialization and sequence generation manner. Four tracking tokens are appended to patch embeddings and generated in the encoder as initial guesses for the bounding box sequence, which improves the tracking accuracy compared with randomly initialized tokens. Tracking tokens are then parallelly fed into the decoder in a one-pass manner and greatly boost the forward inference speed compared with the auto-regressive manner. Inspired by the early-exit mechanism, we inject internal classifiers after each decoder layer to early terminate forward inference when the softmax confidence is sufficiently reliable. In easy tracking frames, early exits avoid network overthinking and unnecessary computation. Extensive experiments on multiple benchmarks demonstrate that FastSeqTrack runs over 100 fps and showcases superior performance against state-of-the-art trackers. Codes and models are available at https://github.com/vision4drones/FastSeqTrack.",UNKNOWN,UNKNOWN,UNKNOWN
SpikeTrack:05:a1f6a0471c0c73a7d6bf3dc3d31e9d3775ab26ee,SpikeTrack,E:\Robot_Backup\Tracker_Q1_Documents\ConnectedPapers-for-SpikeTrack%3A-A-Spike%20driven-Framework-for-Efficient-Visual-Tracking.bib,5,article,a1f6a0471c0c73a7d6bf3dc3d31e9d3775ab26ee,Exploring Dynamic Transformer for Efficient Object Tracking,exploring dynamic transformer for efficient object tracking,Jiawen Zhu,Jiawen Zhu and Xin Chen and Haiwen Diao and Shuai Li and Jun-Yan He and Chenyang Li and Bin Luo and Dong Wang and Huchuan Lu,2024,IEEE Transactions on Neural Networks and Learning Systems,10.1109/tnnls.2025.3545752,2403.17651,a1f6a0471c0c73a7d6bf3dc3d31e9d3775ab26ee,https://www.semanticscholar.org/paper/a1f6a0471c0c73a7d6bf3dc3d31e9d3775ab26ee,https://doi.org/10.1109/tnnls.2025.3545752,JOURNAL_LISTED_UNVERIFIED,SUPPORTING,visual-tracking/tracker term in title or abstract,UNKNOWN,UNKNOWN,Model compression / distillation; Dynamic / conditional computation; Lightweight backbone design; Template computation reuse; Target-aware representation; Training / loss redesign,"Model compression / distillation: distill | Dynamic / conditional computation: dynamic, routing | Lightweight backbone design: lightweight, resource-constrained | Template computation reuse: recycl | Target-aware representation: target-aware | Training / loss redesign: self-distillation","The speed-precision tradeoff is a critical problem in visual object tracking, as it typically requires low latency and is deployed on resource-constrained platforms. Existing solutions for efficient tracking primarily focus on lightweight backbones or modules, which, however, come at a sacrifice in precision. In this article, inspired by dynamic network routing, we propose DyTrack, a dynamic transformer framework for efficient tracking. Real-world tracking scenarios exhibit varying levels of complexity. We argue that a simple network is sufficient for easy video frames, while more computational resources should be assigned to difficult ones. DyTrack automatically learns to configure proper reasoning routes for different inputs, thereby improving the utilization of the available computational budget and achieving higher performance at the same running speed. We formulate instance-specific tracking as a sequential decision problem and incorporate terminating branches to intermediate layers of the model. Furthermore, we propose a feature recycling mechanism to maximize computational efficiency by reusing the outputs of predecessors. Additionally, a target-aware self-distillation strategy is designed to enhance the discriminating capabilities of early-stage predictions by mimicking the representation patterns of the deep model. Extensive experiments demonstrate that DyTrack achieves promising speed-precision tradeoffs with only a single model. For instance, DyTrack obtains 64.9% area under the curve (AUC) on LaSOT with a speed of 256 fps.",36,15502-15514,40173065
SpikeTrack:06:31489a96756f0030d727e8d3c60b7e79bf186ca4,SpikeTrack,E:\Robot_Backup\Tracker_Q1_Documents\ConnectedPapers-for-SpikeTrack%3A-A-Spike%20driven-Framework-for-Efficient-Visual-Tracking.bib,6,article,31489a96756f0030d727e8d3c60b7e79bf186ca4,CATrack: Combining Convolutional and Attentional Methods for Visual Object Tracking,catrack combining convolutional and attentional methods for visual object tracking,Qingyang Lu,Qingyang Lu and Hong Zhu and Guangling Yuan and Congli Li and Xiaoyan Qin,2023,"2023 4th International Seminar on Artificial Intelligence, Networking and Information Technology (AINIT)",10.1109/ainit59027.2023.10212501,UNKNOWN,31489a96756f0030d727e8d3c60b7e79bf186ca4,https://www.semanticscholar.org/paper/31489a96756f0030d727e8d3c60b7e79bf186ca4,https://doi.org/10.1109/ainit59027.2023.10212501,JOURNAL_LISTED_UNVERIFIED,SUPPORTING,visual-tracking/tracker term in title or abstract,UNKNOWN,UNKNOWN,UNKNOWN,UNKNOWN,"The current popular tracking frameworks prioritize the modeling of global relationships while neglecting research on local feature extraction. This paper introduces CATrack, a novel approach for visual object tracking that integrates convolution and attention into a unified framework. In contrast to prior research, it constructs a tracking module using a unified framework that incorporates convolution and attention as its core components. Our method effectively bridges the gap between the two calculation methods. It improves the ability to extract fundamental features, integrates past experience in the tracking field more effectively, while balancing local and global contextual information. The proposed tracker achieves competitive performance on 5 challenging short-term and long-term benchmarks and can run at real-time speed.",UNKNOWN,682-686,UNKNOWN
SpikeTrack:07:b31fe688ec863bb17361d55d864495104ee928f5,SpikeTrack,E:\Robot_Backup\Tracker_Q1_Documents\ConnectedPapers-for-SpikeTrack%3A-A-Spike%20driven-Framework-for-Efficient-Visual-Tracking.bib,7,article,b31fe688ec863bb17361d55d864495104ee928f5,AViTMP: A Tracking-Specific Transformer for Single-Branch Visual Tracking,avitmp a tracking specific transformer for single branch visual tracking,Chuanming Tang,Chuanming Tang and Kai Wang and Joost van de Weijer and Jianlin Zhang and Yongmei Huang,2023,IEEE Transactions on Intelligent Vehicles,10.1109/tiv.2024.3422806,2310.19542,b31fe688ec863bb17361d55d864495104ee928f5,https://www.semanticscholar.org/paper/b31fe688ec863bb17361d55d864495104ee928f5,https://doi.org/10.1109/tiv.2024.3422806,JOURNAL_LISTED_UNVERIFIED,SUPPORTING,visual-tracking/tracker term in title or abstract,UNKNOWN,UNKNOWN,Target-aware representation; Robustness / distractor handling,"Target-aware representation: target-prior | Robustness / distractor handling: distractor, robust","Visual object tracking is a fundamental component of transportation systems, especially for intelligent driving. Despite achieving state-of-the-art performance in visual tracking, recent single-branch trackers tend to overlook the weak prior assumptions associated with the Vision Transformer (ViT) encoder and inference pipeline in visual tracking. Moreover, the effectiveness of discriminative trackers remains constrained due to the adoption of the dual-branch pipeline. To tackle the inferior effectiveness of vanilla ViT, we propose an Adaptive ViT Model Prediction tracker (AViTMP) to design a customised tracking method. This method bridges the single-branch network with discriminative models for the first time. Specifically, in the proposed encoder AViT encoder, we introduce a tracking-tailored Adaptor module for vanilla ViT and a joint target state embedding to enrich the target-prior embedding paradigm. Then, we combine the AViT encoder with a discriminative transformer-specific model predictor to predict the accurate location. Furthermore, to mitigate the limitations of conventional inference practice, we present a novel inference pipeline called CycleTrack, which bolsters the tracking robustness in the presence of distractors via bidirectional cycle tracking verification. In the experiments, we evaluated AViTMP on eight tracking benchmarks for a comprehensive assessment, including LaSOT, LaSOTExtSub, AVisT, etc. The experimental results unequivocally establish that, under fair comparison, AViTMP achieves state-of-the-art performance, especially in terms of long-term tracking and robustness.",10,1087-1100,UNKNOWN
SpikeTrack:08:5cf588279fa2afc972956ba4c92c227694baa561,SpikeTrack,E:\Robot_Backup\Tracker_Q1_Documents\ConnectedPapers-for-SpikeTrack%3A-A-Spike%20driven-Framework-for-Efficient-Visual-Tracking.bib,8,article,5cf588279fa2afc972956ba4c92c227694baa561,LoReTrack: Efficient and Accurate Low-Resolution Transformer Tracking,loretrack efficient and accurate low resolution transformer tracking,Shaohua Dong,Shaohua Dong and Yunhe Feng and Qing Yang and Yuewei Lin and Heng Fan,2024,ArXiv,10.48550/arxiv.2405.17660,2405.17660,5cf588279fa2afc972956ba4c92c227694baa561,https://www.semanticscholar.org/paper/5cf588279fa2afc972956ba4c92c227694baa561,https://doi.org/10.48550/arxiv.2405.17660,ARXIV_PREPRINT,SUPPORTING,visual-tracking/tracker term in title or abstract,UNKNOWN,UNKNOWN,Model compression / distillation; Low-resolution / adaptive-resolution processing; Target-aware representation; Robustness / distractor handling; Training / loss redesign,"Model compression / distillation: distill | Low-resolution / adaptive-resolution processing: across resolutions, low resolution, low-resolution, smaller input | Target-aware representation: target-aware | Robustness / distractor handling: background | Training / loss redesign: knowledge distillation","High-performance Transformer trackers have shown excellent results, yet they often bear a heavy computational load. Observing that a smaller input can immediately and conveniently reduce computations without changing the model, an easy solution is to adopt the low-resolution input for efficient Transformer tracking. Albeit faster, this hurts tracking accuracy much due to information loss in low resolution tracking. In this paper, we aim to mitigate such information loss to boost the performance of the low-resolution Transformer tracking via dual knowledge distillation from a frozen high-resolution (but not a larger) Transformer tracker. The core lies in two simple yet effective distillation modules, comprising query-key-value knowledge distillation (QKV-KD) and discrimination knowledge distillation (Disc-KD), across resolutions. The former, from the global view, allows the low-resolution tracker to inherit the features and interactions from the high-resolution tracker, while the later, from the target-aware view, enhances the target-background distinguishing capacity via imitating discriminative regions from its high-resolution counterpart. With the dual knowledge distillation, our Low-Resolution Transformer Tracker (LoReTrack) enjoys not only high efficiency owing to reduced computation but also enhanced accuracy by distilling knowledge from the high-resolution tracker. In extensive experiments, LoReTrack with a 256x256 resolution consistently improves baseline with the same resolution, and shows competitive or even better results compared to 384x384 high-resolution Transformer tracker, while running 52% faster and saving 56% MACs. Moreover, LoReTrack is resolution-scalable. With a 128x128 resolution, it runs 25 fps on a CPU with 64.9%/46.4% SUC scores on LaSOT/LaSOText, surpassing all other CPU real-time trackers. Code will be released.",abs/2405.17660,UNKNOWN,UNKNOWN
SpikeTrack:09:e83509724ce12696bffb520840d56f85adf27a61,SpikeTrack,E:\Robot_Backup\Tracker_Q1_Documents\ConnectedPapers-for-SpikeTrack%3A-A-Spike%20driven-Framework-for-Efficient-Visual-Tracking.bib,9,article,e83509724ce12696bffb520840d56f85adf27a61,Transformer Visual Tracker Based on Template Features Corresponding to Foreground Region,transformer visual tracker based on template features corresponding to foreground region,Jian Yu,Jian Yu and Xin Ma,2022,2022 IEEE International Conference on Image Processing (ICIP),10.1109/icip46576.2022.9897717,UNKNOWN,e83509724ce12696bffb520840d56f85adf27a61,https://www.semanticscholar.org/paper/e83509724ce12696bffb520840d56f85adf27a61,https://doi.org/10.1109/icip46576.2022.9897717,CONFERENCE_LISTED_UNVERIFIED,SUPPORTING,visual-tracking/tracker term in title or abstract,UNKNOWN,UNKNOWN,Relation / cross-attention modeling; Robustness / distractor handling,Relation / cross-attention modeling: feature fusion | Robustness / distractor handling: background,"In visual tracking, the size of template patch on image is usually several times the size of object bounding box. So the background information around object would be encoded into some template features. However, these features would also be matched with search features, which interferes with the tracker’s ability to accurately separate the object from the background. In this work, we present a novel feature fusion network based on Transformer for visual tracking. Specifically, to reduce the interference of background information in template patch, we extract the template features corresponding to foreground region on image, called TFFR, and fuse them with search features by attention mechanism. On that basis, we design a concise Transformer visual tracker based on TFFR, called TVT-TFFR. Extensive experiments show that our TVT-TFFR achieves state-of-the-art performance on several prevalent tracking benchmarks, and runs at 38 FPS, meeting the real-time requirement.",UNKNOWN,1091-1095,UNKNOWN
SpikeTrack:10:319c5d37246c68d0ef970ca07fc3650235fd36a1,SpikeTrack,E:\Robot_Backup\Tracker_Q1_Documents\ConnectedPapers-for-SpikeTrack%3A-A-Spike%20driven-Framework-for-Efficient-Visual-Tracking.bib,10,article,319c5d37246c68d0ef970ca07fc3650235fd36a1,Efficient Training for Visual Tracking with Deformable Transformer,efficient training for visual tracking with deformable transformer,Qingmao Wei,Qingmao Wei and Guotian Zeng and Bi Zeng,2023,ArXiv,10.48550/arxiv.2309.02676,2309.02676,319c5d37246c68d0ef970ca07fc3650235fd36a1,https://www.semanticscholar.org/paper/319c5d37246c68d0ef970ca07fc3650235fd36a1,https://doi.org/10.48550/arxiv.2309.02676,ARXIV_PREPRINT,SUPPORTING,visual-tracking/tracker term in title or abstract,UNKNOWN,UNKNOWN,Token / feature / spatial sparsification,Token / feature / spatial sparsification: spars,"Recent Transformer-based visual tracking models have showcased superior performance. Nevertheless, prior works have been resource-intensive, requiring prolonged GPU training hours and incurring high GFLOPs during inference due to inefficient training methods and convolution-based target heads. This intensive resource use renders them unsuitable for real-world applications. In this paper, we present DETRack, a streamlined end-to-end visual object tracking framework. Our framework utilizes an efficient encoder-decoder structure where the deformable transformer decoder acting as a target head, achieves higher sparsity than traditional convolution heads, resulting in decreased GFLOPs. For training, we introduce a novel one-to-many label assignment and an auxiliary denoising technique, significantly accelerating model's convergence. Comprehensive experiments affirm the effectiveness and efficiency of our proposed method. For instance, DETRack achieves 72.9% AO on challenging GOT-10k benchmarks using only 20% of the training epochs required by the baseline, and runs with lower GFLOPs than all the transformer-based trackers.",abs/2309.02676,UNKNOWN,UNKNOWN
SpikeTrack:11:fcf804ee3f5ce603290e919c91010be5c77b1c0d,SpikeTrack,E:\Robot_Backup\Tracker_Q1_Documents\ConnectedPapers-for-SpikeTrack%3A-A-Spike%20driven-Framework-for-Efficient-Visual-Tracking.bib,11,article,fcf804ee3f5ce603290e919c91010be5c77b1c0d,CiteTracker: Correlating Image and Text for Visual Tracking,citetracker correlating image and text for visual tracking,Xin Li,Xin Li and Yuqing Huang and Zhenyu He and Yaowei Wang and Huchuan Lu and Ming-Hsuan Yang,2023,2023 IEEE/CVF International Conference on Computer Vision (ICCV),10.1109/iccv51070.2023.00915,2308.11322,fcf804ee3f5ce603290e919c91010be5c77b1c0d,https://www.semanticscholar.org/paper/fcf804ee3f5ce603290e919c91010be5c77b1c0d,https://doi.org/10.1109/iccv51070.2023.00915,CONFERENCE_LISTED_UNVERIFIED,SUPPORTING,visual-tracking/tracker term in title or abstract,YES,https://github.com/NorahGreen/CiteTracker,Dynamic / conditional computation,Dynamic / conditional computation: dynamic,"Existing visual tracking methods typically take an image patch as the reference of the target to perform tracking. However, a single image patch cannot provide a complete and precise concept of the target object as images are limited in their ability to abstract and can be ambiguous, which makes it difficult to track targets with drastic variations. In this paper, we propose the CiteTracker to enhance target modeling and inference in visual tracking by connecting images and text. Specifically, we develop a text generation module to convert the target image patch into a descriptive text containing its class and attribute information, providing a comprehensive reference point for the target. In addition, a dynamic description module is designed to adapt to target variations for more effective target representation. We then associate the target description and the search image using an attention-based correlation module to generate the correlated features for target state reference. Extensive experiments on five diverse datasets are conducted to evaluate the proposed algorithm and the favorable performance against the state-of-the-art methods demonstrates the effectiveness of the proposed tracking method. The source code and trained models will be released at https://github.com/NorahGreen/CiteTracker.",UNKNOWN,9940-9949,UNKNOWN
SpikeTrack:12:5b959cf1e226e19647d2fd2bcb7f65d43e68dbe5,SpikeTrack,E:\Robot_Backup\Tracker_Q1_Documents\ConnectedPapers-for-SpikeTrack%3A-A-Spike%20driven-Framework-for-Efficient-Visual-Tracking.bib,12,article,5b959cf1e226e19647d2fd2bcb7f65d43e68dbe5,Generalized Relation Modeling for Transformer Tracking,generalized relation modeling for transformer tracking,Shenyuan Gao,Shenyuan Gao and Chunluan Zhou and Jun Zhang,2023,2023 IEEE/CVF Conference on Computer Vision and Pattern Recognition (CVPR),10.1109/cvpr52729.2023.01792,2303.16580,5b959cf1e226e19647d2fd2bcb7f65d43e68dbe5,https://www.semanticscholar.org/paper/5b959cf1e226e19647d2fd2bcb7f65d43e68dbe5,https://doi.org/10.1109/cvpr52729.2023.01792,CONFERENCE_LISTED_UNVERIFIED,SUPPORTING,visual-tracking/tracker term in title or abstract,YES,https://github.com/Little-Podi/GRM,Asymmetric template-search architecture; Relation / cross-attention modeling; Robustness / distractor handling,Asymmetric template-search architecture: two-stream | Relation / cross-attention modeling: relation model | Robustness / distractor handling: background,"Compared with previous two-stream trackers, the recent one-stream tracking pipeline, which allows earlier interaction between the template and search region, has achieved a remarkable performance gain. However, existing one-stream trackers always let the template interact with all parts inside the search region throughout all the encoder layers. This could potentially lead to target-background confusion when the extracted feature representations are not sufficiently discriminative. To alleviate this issue, we propose a generalized relation modeling method based on adaptive token division. The proposed method is a generalized formulation of attention-based relation modeling for Transformer tracking, which inherits the merits of both previous two-stream and one-stream pipelines whilst enabling more flexible relation modeling by selecting appropriate search tokens to interact with template tokens. An attention masking strategy and the Gumbel-Softmax technique are introduced to facilitate the parallel computation and end-to-end learning of the token division module. Extensive experiments show that our method is superior to the two-stream and one-stream pipelines and achieves state-of-the-art performance on six challenging benchmarks with a real-time running speed. Code and models are publicly available at https://github.com/Little-Podi/GRM.",UNKNOWN,18686-18695,UNKNOWN
SpikeTrack:13:3ac21448bfcb74b52ccdefd7cbf9cc33b38ef13d,SpikeTrack,E:\Robot_Backup\Tracker_Q1_Documents\ConnectedPapers-for-SpikeTrack%3A-A-Spike%20driven-Framework-for-Efficient-Visual-Tracking.bib,13,article,3ac21448bfcb74b52ccdefd7cbf9cc33b38ef13d,ZoomTrack: Target-aware Non-uniform Resizing for Efficient Visual Tracking,zoomtrack target aware non uniform resizing for efficient visual tracking,Yutong Kou,Yutong Kou and Jin Gao and Bing Li and Gang Wang and Weiming Hu and Yizheng Wang and Liang Li,2023,ArXiv,10.48550/arxiv.2310.10071,2310.10071,3ac21448bfcb74b52ccdefd7cbf9cc33b38ef13d,https://www.semanticscholar.org/paper/3ac21448bfcb74b52ccdefd7cbf9cc33b38ef13d,https://doi.org/10.48550/arxiv.2310.10071,ARXIV_PREPRINT,SUPPORTING,visual-tracking/tracker term in title or abstract,YES,https://github.com/Kou-99/ZoomTrack,Low-resolution / adaptive-resolution processing; Target-aware representation,Low-resolution / adaptive-resolution processing: smaller input | Target-aware representation: target-aware,"Recently, the transformer has enabled the speed-oriented trackers to approach state-of-the-art (SOTA) performance with high-speed thanks to the smaller input size or the lighter feature extraction backbone, though they still substantially lag behind their corresponding performance-oriented versions. In this paper, we demonstrate that it is possible to narrow or even close this gap while achieving high tracking speed based on the smaller input size. To this end, we non-uniformly resize the cropped image to have a smaller input size while the resolution of the area where the target is more likely to appear is higher and vice versa. This enables us to solve the dilemma of attending to a larger visual field while retaining more raw information for the target despite a smaller input size. Our formulation for the non-uniform resizing can be efficiently solved through quadratic programming (QP) and naturally integrated into most of the crop-based local trackers. Comprehensive experiments on five challenging datasets based on two kinds of transformer trackers, \ie, OSTrack and TransT, demonstrate consistent improvements over them. In particular, applying our method to the speed-oriented version of OSTrack even outperforms its performance-oriented counterpart by 0.6% AUC on TNL2K, while running 50% faster and saving over 55% MACs. Codes and models are available at https://github.com/Kou-99/ZoomTrack.",abs/2310.10071,UNKNOWN,UNKNOWN
SpikeTrack:14:388169392a75d2d5581712c892a63f3877d3e91d,SpikeTrack,E:\Robot_Backup\Tracker_Q1_Documents\ConnectedPapers-for-SpikeTrack%3A-A-Spike%20driven-Framework-for-Efficient-Visual-Tracking.bib,14,article,388169392a75d2d5581712c892a63f3877d3e91d,Correlation-Embedded Transformer Tracking: A Single-Branch Framework,correlation embedded transformer tracking a single branch framework,Fei Xie,Fei Xie and Wankou Yang and Chunyu Wang and Lei Chu and Yue Cao and Chao Ma and Wenjun Zeng,2024,IEEE Transactions on Pattern Analysis and Machine Intelligence,10.1109/tpami.2024.3448254,2401.12743,388169392a75d2d5581712c892a63f3877d3e91d,https://www.semanticscholar.org/paper/388169392a75d2d5581712c892a63f3877d3e91d,https://doi.org/10.1109/tpami.2024.3448254,JOURNAL_LISTED_UNVERIFIED,SUPPORTING,visual-tracking/tracker term in title or abstract,UNKNOWN,UNKNOWN,Block / layer reduction; Asymmetric template-search architecture; Relation / cross-attention modeling; Target-aware representation; Robustness / distractor handling,"Block / layer reduction: shallow | Asymmetric template-search architecture: siamese | Relation / cross-attention modeling: relation model | Target-aware representation: target-aware | Robustness / distractor handling: distractor, robust","Developing robust and discriminative appearance models has been a long-standing research challenge in visual object tracking. In the prevalent Siamese-based paradigm, the features extracted by the Siamese-like networks are often insufficient to model the tracked targets and distractor objects, thereby hindering them from being robust and discriminative simultaneously. While most Siamese trackers focus on designing robust correlation operations, we propose a novel single-branch tracking framework inspired by the transformer. Unlike the Siamese-like feature extraction, our tracker deeply embeds cross-image feature correlation in multiple layers of the feature network. By extensively matching the features of the two images through multiple layers, it can suppress non-target features, resulting in target-aware feature extraction. The output features can be directly used to predict target locations without additional correlation steps. Thus, we reformulate the two-branch Siamese tracking as a conceptually simple, fully transformer-based Single-Branch Tracking pipeline, dubbed SBT. After conducting an in-depth analysis of the SBT baseline, we summarize many effective design principles and propose an improved tracker dubbed SuperSBT. SuperSBT adopts a hierarchical architecture with a local modeling layer to enhance shallow-level features. A unified relation modeling is proposed to remove complex handcrafted layer pattern designs. SuperSBT is further improved by masked image modeling pre-training, integrating temporal modeling, and equipping with dedicated prediction heads. Thus, SuperSBT outperforms the SBT baseline by 4.7%,3.0%, and 4.5% AUC scores in LaSOT, TrackingNet, and GOT-10K. Notably, SuperSBT greatly raises the speed of SBT from 37 FPS to 81 FPS. Extensive experiments show that our method achieves superior results on eight VOT benchmarks.",46,10681-10696,39172609
SpikeTrack:15:a52391650c1359bc3b605d5821c35feced1f6ca7,SpikeTrack,E:\Robot_Backup\Tracker_Q1_Documents\ConnectedPapers-for-SpikeTrack%3A-A-Spike%20driven-Framework-for-Efficient-Visual-Tracking.bib,15,article,a52391650c1359bc3b605d5821c35feced1f6ca7,Adaptive Target-Oriented Tracking,adaptive target oriented tracking,Sixian Chan,Sixian Chan and Xianpeng Zeng and Zhoujian Wu and Yu Wang and Xiaolong Zhou and Tinglong Tang and Jie Hu,2025,ACM Transactions on Intelligent Systems and Technology,10.1145/3732785,UNKNOWN,a52391650c1359bc3b605d5821c35feced1f6ca7,https://www.semanticscholar.org/paper/a52391650c1359bc3b605d5821c35feced1f6ca7,https://doi.org/10.1145/3732785,JOURNAL_LISTED_UNVERIFIED,SUPPORTING,tracking plus visual-SOT component/benchmark term in metadata,UNKNOWN,UNKNOWN,Relation / cross-attention modeling,Relation / cross-attention modeling: relation model,"The current one-stream tracking pipelines are early relation modeling in feature extraction. However, insufficient discrimination may result in ambiguous relation modeling during early feature extraction. Moreover, the non-target information occupies most of the search image, rendering most relation modeling futile. To tackle the above issues, we propose tracking via learning adaptive target-oriented representation, named ATOTrack. We design an Untied positional encoding to mark the template token and the search region token separately, which reduces the confused relationship between the template and the search region. Besides, we introduce an Auto-Mask Learner to decouple the target and non-target information in the search region. Interestingly, the Auto-Mask Learner can self-learn and mask the ineffective information to interpret adaptive target-oriented representation. Extensive experiments demonstrate that ATOTrack is superior to existing methods, which achieves the state-of-the-art performance on six tracking benchmarks. In particular, ATOTrack establishes a new record on AViST with 57% AO. The code and models will be released as soon.",16,1 - 15,UNKNOWN
SpikeTrack:16:99ddfa5f53f84f83dcb55fb10fc6005d4f8d350a,SpikeTrack,E:\Robot_Backup\Tracker_Q1_Documents\ConnectedPapers-for-SpikeTrack%3A-A-Spike%20driven-Framework-for-Efficient-Visual-Tracking.bib,16,article,99ddfa5f53f84f83dcb55fb10fc6005d4f8d350a,"Wave-wise Discriminative Tracking by Phase-Amplitude Separation, Augmentation and Mixture",wave wise discriminative tracking by phase amplitude separation augmentation and mixture,Huibin Tan,Huibin Tan and Mingyu Cao and Kun Hu and Xihuai He and Zhe Wang and Hao Li and Long Lan and Mengzhu Wang,2025,UNKNOWN,10.24963/ijcai.2025/215,UNKNOWN,99ddfa5f53f84f83dcb55fb10fc6005d4f8d350a,https://www.semanticscholar.org/paper/99ddfa5f53f84f83dcb55fb10fc6005d4f8d350a,https://doi.org/10.24963/ijcai.2025/215,CONFERENCE_LISTED_UNVERIFIED,SUPPORTING,visual-tracking/tracker term in title or abstract,UNKNOWN,UNKNOWN,Relation / cross-attention modeling; Robustness / distractor handling,Relation / cross-attention modeling: feature fusion | Robustness / distractor handling: background,"Distinguishing key features in complex visual tasks is challenging. A novel approach treats image patches (tokens) as waves. By using both phase and amplitude, it captures richer semantics and specific invariances compared to pixel-based methods, and allows for feature fusion across regions for a holistic image representation. Based on this, we propose the Wave-wise Discriminative Transformer Tracker (WDT). During tracking, WDT represents features via phase-amplitude separation, enhancement, and mixture. First, we designed a Mutual Exclusive Phase-Amplitude Extractor (MEPAE) to separate phase and amplitude features with distinct semantics, representing spatial target info and background brightness respectively. Then, Wave-wise Feature Augmentation is carried out with two submodules: Phase-Amplitude Feature Augmentation and Mixture. The augmentation module disrupts the separated features in the same batch, and the mixture module recombines them to generate positive and negative waves. The original features are aggregated into the original wave. Positive waves have the same phase but different amplitudes, and negative waves have different phase components. Finally, self-supervised and tracking-supervised losses guide the global and local representation learning for original, positive, and negative waves, enhancing wave-level discrimination. Experiments on five benchmarks prove the effectiveness of our method.",UNKNOWN,UNKNOWN,UNKNOWN
SpikeTrack:17:d5881f8cd20404bfe8b2c19937ab9585fee44170,SpikeTrack,E:\Robot_Backup\Tracker_Q1_Documents\ConnectedPapers-for-SpikeTrack%3A-A-Spike%20driven-Framework-for-Efficient-Visual-Tracking.bib,17,article,d5881f8cd20404bfe8b2c19937ab9585fee44170,Towards Efficient Training with Negative Samples in Visual Tracking,towards efficient training with negative samples in visual tracking,Qingmao Wei,Qingmao Wei and Bi Zeng and Guotian Zeng,2023,ArXiv,10.48550/arxiv.2309.02903,2309.02903,d5881f8cd20404bfe8b2c19937ab9585fee44170,https://www.semanticscholar.org/paper/d5881f8cd20404bfe8b2c19937ab9585fee44170,https://doi.org/10.48550/arxiv.2309.02903,ARXIV_PREPRINT,SUPPORTING,visual-tracking/tracker term in title or abstract,UNKNOWN,UNKNOWN,Training / loss redesign,Training / loss redesign: training strateg,"Current state-of-the-art (SOTA) methods in visual object tracking often require extensive computational resources and vast amounts of training data, leading to a risk of overfitting. This study introduces a more efficient training strategy to mitigate overfitting and reduce computational requirements. We balance the training process with a mix of negative and positive samples from the outset, named as Joint learning with Negative samples (JN). Negative samples refer to scenarios where the object from the template is not present in the search region, which helps to prevent the model from simply memorizing the target, and instead encourages it to use the template for object location. To handle the negative samples effectively, we adopt a distribution-based head, which modeling the bounding box as distribution of distances to express uncertainty about the target's location in the presence of negative samples, offering an efficient way to manage the mixed sample training. Furthermore, our approach introduces a target-indicating token. It encapsulates the target's precise location within the template image. This method provides exact boundary details with negligible computational cost but improving performance. Our model, JN-256, exhibits superior performance on challenging benchmarks, achieving 75.8% AO on GOT-10k and 84.1% AUC on TrackingNet. Notably, JN-256 outperforms previous SOTA trackers that utilize larger models and higher input resolutions, even though it is trained with only half the number of data sampled used in those works.",abs/2309.02903,UNKNOWN,UNKNOWN
SpikeTrack:18:22dc6f42561a07e24e8095681660f9d634839b2a,SpikeTrack,E:\Robot_Backup\Tracker_Q1_Documents\ConnectedPapers-for-SpikeTrack%3A-A-Spike%20driven-Framework-for-Efficient-Visual-Tracking.bib,18,article,22dc6f42561a07e24e8095681660f9d634839b2a,MPTrack: Visual Tracking with Reliable Motion Prompts,mptrack visual tracking with reliable motion prompts,Songtao Sun,Songtao Sun and Lunbo Li,2024,Proceedings of the 2024 International Conference on Artificial Intelligence of Things and Computing,10.1145/3708282.3708292,UNKNOWN,22dc6f42561a07e24e8095681660f9d634839b2a,https://www.semanticscholar.org/paper/22dc6f42561a07e24e8095681660f9d634839b2a,https://doi.org/10.1145/3708282.3708292,CONFERENCE_LISTED_UNVERIFIED,SUPPORTING,visual-tracking/tracker term in title or abstract,UNKNOWN,UNKNOWN,Dynamic / conditional computation; Motion modeling,Dynamic / conditional computation: dynamic | Motion modeling: motion,"Recently, the attention mechanism has been introduced into object tracking, making significant improvements in tracking performance. However, the tracking target often undergoes deformation during tracking, which can easily lead to the loss of the target. In this paper, we design the motion perception unit (MPU) to enhance tracking stability. The MPU generates motion prompts rich in dynamic target appearance information and integrates them into object modeling. This integration allows our tracker to better adapt to changes in target motion and appearance, improving the adaptability to the target motion. Extensive experiments demonstrate that our tracker MPTrack outperforms all state-of-the-art trackers on five widely recognized benchmarks, including GOT-10k, TrackingNet, LaSOText, UAV123, and TNL2K, while running at real-time speed.",UNKNOWN,UNKNOWN,UNKNOWN
SpikeTrack:19:3bf0cc8ee66eacd36a122502eb83372e8cee5449,SpikeTrack,E:\Robot_Backup\Tracker_Q1_Documents\ConnectedPapers-for-SpikeTrack%3A-A-Spike%20driven-Framework-for-Efficient-Visual-Tracking.bib,19,article,3bf0cc8ee66eacd36a122502eb83372e8cee5449,Positive-Sample-Free Object Tracking via a Soft Constraint,positive sample free object tracking via a soft constraint,Jiaxin Ye,Jiaxin Ye and Bineng Zhong and Qihua Liang and Shengping Zhang and Xianxian Li and Rongrong Ji,2024,IEEE Transactions on Circuits and Systems for Video Technology,10.1109/tcsvt.2023.3294580,UNKNOWN,3bf0cc8ee66eacd36a122502eb83372e8cee5449,https://www.semanticscholar.org/paper/3bf0cc8ee66eacd36a122502eb83372e8cee5449,https://doi.org/10.1109/tcsvt.2023.3294580,JOURNAL_LISTED_UNVERIFIED,SUPPORTING,visual-tracking/tracker term in title or abstract,UNKNOWN,UNKNOWN,UNKNOWN,UNKNOWN,"Most of the existing bounding box-based trackers rely on a classification subnetwork and a regression subnetwork to predict the location and scale of the bounding box. They learn the classification subnetwork by processing each sample individually and applying the suggested classification confidence to produce the final prediction. They typically involve heuristic positive sample configurations, which inevitably introduce mislabelled training samples and therefore deteriorate their tracking performance. Moreover, the parallel prediction of the bounding box position and scale may lead to misalignment of classification and regression. To address these issues,we propose a simple yet effective soft constraint-based tracking framework without positive samples (named SoftCT). SoftCT adaptively senses the target’s pixel position through a soft constraint mechanism, which eliminates potential performance gaps caused by artificially marking the target’s pixel position. In addition, SoftCT computes the state of the bounding box by aggregating such positional information, thereby allowing the tracker to avoid misalignment in classification and regression due to uninformed communication. Specifically, SoftCT directly senses the position of the target pixel and fuses this information into the bounding box prediction, rather than requiring explicit annotation or regression of the target pixel. Extensive experiments on six tracking benchmarks including GOT-10k, TrackingNet, LaSOT, UAV123, LaSOText and TNL2K demonstrate that our tracker achieves state-of-the-art performance, confirming its effectiveness and efficiency.",34,1364-1375,UNKNOWN
SpikeTrack:20:7630becb87f57c985a74da709612bd624f8a3922,SpikeTrack,E:\Robot_Backup\Tracker_Q1_Documents\ConnectedPapers-for-SpikeTrack%3A-A-Spike%20driven-Framework-for-Efficient-Visual-Tracking.bib,20,article,7630becb87f57c985a74da709612bd624f8a3922,Autoregressive Queries for Adaptive Tracking with Spatio-Temporal Transformers,autoregressive queries for adaptive tracking with spatio temporal transformers,Jinxia Xie,Jinxia Xie and Bineng Zhong and Zhiyi Mo and Shengping Zhang and Liangtao Shi and Shuxiang Song and Rongrong Ji,2024,2024 IEEE/CVF Conference on Computer Vision and Pattern Recognition (CVPR),10.1109/cvpr52733.2024.01826,2403.10574,7630becb87f57c985a74da709612bd624f8a3922,https://www.semanticscholar.org/paper/7630becb87f57c985a74da709612bd624f8a3922,https://doi.org/10.1109/cvpr52733.2024.01826,CONFERENCE_LISTED_UNVERIFIED,SUPPORTING,visual-tracking/tracker term in title or abstract,YES,https://github.com/orgs/GXNU-ZhongLab,Autoregressive / sequence modeling; Robustness / distractor handling,Autoregressive / sequence modeling: autoregress | Robustness / distractor handling: robust,"The rich spatio-temporal information is crucial to capture the complicated target appearance variations in visual tracking. However, most top-performing tracking algorithms rely on many hand-crafted components for spatio-temporal information aggregation. Consequently, the spatio-temporal information is far away from being fully explored. To alleviate this issue, we propose an adaptive tracker with spatio-temporal transformers (named AQA-Track), which adopts simple autoregressive queries to effectively learn spatio-temporal information without many hand-designed components. Firstly, we introduce a set of learnable and autoregressive queries to capture the instantaneous target appearance changes in a sliding window fashion. Then, we design a novel attention mechanism for the interaction of existing queries to generate a new query in current frame. Finally, based on the initial target template and learnt autoregressive queries, a spatio-temporal information fusion module (STM) is designed for spatiotemporal formation aggregation to locate a target object. Benefiting from the STM, we can effectively combine the static appearance and instantaneous changes to guide robust tracking. Extensive experiments show that our method significantly improves the tracker's performance on six popular tracking benchmarks: LaSOT, LaSOText, TrackingNet, GOT-10k, TNL2K, and UAV123. Code and models will be https://github.com/orgs/GXNU-ZhongLab.",UNKNOWN,19300-19309,UNKNOWN
SpikeTrack:21:ec79544fb40ca5bf62efcdf857456c1b2b55171f,SpikeTrack,E:\Robot_Backup\Tracker_Q1_Documents\ConnectedPapers-for-SpikeTrack%3A-A-Spike%20driven-Framework-for-Efficient-Visual-Tracking.bib,21,article,ec79544fb40ca5bf62efcdf857456c1b2b55171f,Sparse Transformer-Based Sequence Generation for Visual Object Tracking,sparse transformer based sequence generation for visual object tracking,Dan Tian,Dan Tian and Dong-Xin Liu and Xiao Wang and Ying Hao,2024,IEEE Access,10.1109/access.2024.3482468,UNKNOWN,ec79544fb40ca5bf62efcdf857456c1b2b55171f,https://www.semanticscholar.org/paper/ec79544fb40ca5bf62efcdf857456c1b2b55171f,https://doi.org/10.1109/access.2024.3482468,JOURNAL_LISTED_UNVERIFIED,SUPPORTING,visual-tracking/tracker term in title or abstract,UNKNOWN,UNKNOWN,Token / feature / spatial sparsification; Autoregressive / sequence modeling; Relation / cross-attention modeling; Robustness / distractor handling,"Token / feature / spatial sparsification: spars | Autoregressive / sequence modeling: autoregress | Relation / cross-attention modeling: cross-attention | Robustness / distractor handling: background, robust","In visual object tracking, attention mechanisms can flexibly and efficiently handle complex dependencies and global information, which improves tracking accuracy. However, when dealing with scenarios that contain a large amount of background information or other complex information, its global attention ability can dilute the weight of important information, allocate unnecessary attention to background information, and thus reduce tracking performance. To relieve this problem, this paper proposes a visual object tracking framework based on a sparse transformer. Our tracking framework is a simple encoder-decoder structure that realizes the prediction of the target in an autoregressive manner, eliminating the additional head network and simplifying the tracking architecture. Furthermore, we introduce a Sparse Attention Mechanism (SMA) in the cross-attention layer of the decoder. Unlike traditional attention mechanisms, SMA focuses only on the top K pixel values that are most relevant to the current pixel when calculating attention weights. This allows the model to focus more on key information and improve foreground and background discrimination, resulting in more accurate and robust tracking. We conduct tests on six tracking benchmarks, and the experimental results prove the effectiveness of our method.",12,154418-154425,UNKNOWN
SpikeTrack:22:00555d35794b4dcca03928530e906291acaca17d,SpikeTrack,E:\Robot_Backup\Tracker_Q1_Documents\ConnectedPapers-for-SpikeTrack%3A-A-Spike%20driven-Framework-for-Efficient-Visual-Tracking.bib,22,article,00555d35794b4dcca03928530e906291acaca17d,Optimized Information Flow for Transformer Tracking,optimized information flow for transformer tracking,J. Kugarajeevan,J. Kugarajeevan and T. Kokul and A. Ramanan and S. Fernando,2024,ArXiv,10.48550/arxiv.2402.08195,2402.08195,00555d35794b4dcca03928530e906291acaca17d,https://www.semanticscholar.org/paper/00555d35794b4dcca03928530e906291acaca17d,https://doi.org/10.48550/arxiv.2402.08195,ARXIV_PREPRINT,SUPPORTING,visual-tracking/tracker term in title or abstract,YES,https://github.com/JananiKugaa/OIFTrack,Dynamic / conditional computation; Robustness / distractor handling,"Dynamic / conditional computation: dynamic | Robustness / distractor handling: background, distractor","One-stream Transformer trackers have shown outstanding performance in challenging benchmark datasets over the last three years, as they enable interaction between the target template and search region tokens to extract target-oriented features with mutual guidance. Previous approaches allow free bidirectional information flow between template and search tokens without investigating their influence on the tracker's discriminative capability. In this study, we conducted a detailed study on the information flow of the tokens and based on the findings, we propose a novel Optimized Information Flow Tracking (OIFTrack) framework to enhance the discriminative capability of the tracker. The proposed OIFTrack blocks the interaction from all search tokens to target template tokens in early encoder layers, as the large number of non-target tokens in the search region diminishes the importance of target-specific features. In the deeper encoder layers of the proposed tracker, search tokens are partitioned into target search tokens and non-target search tokens, allowing bidirectional flow from target search tokens to template tokens to capture the appearance changes of the target. In addition, since the proposed tracker incorporates dynamic background cues, distractor objects are successfully avoided by capturing the surrounding information of the target. The OIFTrack demonstrated outstanding performance in challenging benchmarks, particularly excelling in the one-shot tracking benchmark GOT-10k, achieving an average overlap of 74.6%. The code, models, and results of this work are available at \urlhttps://github.com/JananiKugaa/OIFTrack",abs/2402.08195,UNKNOWN,UNKNOWN
SpikeTrack:23:cb85d94fad7e70a7091b975a74978bb0f1e23589,SpikeTrack,E:\Robot_Backup\Tracker_Q1_Documents\ConnectedPapers-for-SpikeTrack%3A-A-Spike%20driven-Framework-for-Efficient-Visual-Tracking.bib,23,article,cb85d94fad7e70a7091b975a74978bb0f1e23589,Context-Aware Token Pruning and Discriminative Selective Attention for Transformer Tracking,context aware token pruning and discriminative selective attention for transformer tracking,J. Kugarajeevan,J. Kugarajeevan and T. Kokul and A. Ramanan and S. Fernando,2025,ArXiv,10.48550/arxiv.2511.19928,2511.19928,cb85d94fad7e70a7091b975a74978bb0f1e23589,https://www.semanticscholar.org/paper/cb85d94fad7e70a7091b975a74978bb0f1e23589,https://doi.org/10.48550/arxiv.2511.19928,ARXIV_PREPRINT,SUPPORTING,visual-tracking/tracker term in title or abstract,UNKNOWN,UNKNOWN,Pruning; Robustness / distractor handling,"Pruning: prun | Robustness / distractor handling: background, distractor","One-stream Transformer-based trackers have demonstrated remarkable performance by concatenating template and search region tokens, thereby enabling joint attention across all tokens. However, enabling an excessive proportion of background search tokens to attend to the target template tokens weakens the tracker's discriminative capability. Several token pruning methods have been proposed to mitigate background interference; however, they often remove tokens near the target, leading to the loss of essential contextual information and degraded tracking performance. Moreover, the presence of distractors within the search tokens further reduces the tracker's ability to accurately identify the target. To address these limitations, we propose CPDATrack, a novel tracking framework designed to suppress interference from background and distractor tokens while enhancing computational efficiency. First, a learnable module is integrated between two designated encoder layers to estimate the probability of each search token being associated with the target. Based on these estimates, less-informative background tokens are pruned from the search region while preserving the contextual cues surrounding the target. To further suppress background interference, a discriminative selective attention mechanism is employed that fully blocks search-to-template attention in the early layers. In the subsequent encoder layers, high-probability target tokens are selectively extracted from a localized region to attend to the template tokens, thereby reducing the influence of background and distractor tokens. The proposed CPDATrack achieves state-of-the-art performance across multiple benchmarks, particularly on GOT-10k, where it attains an average overlap of 75.1 percent.",abs/2511.19928,UNKNOWN,UNKNOWN
SpikeTrack:24:4c9df14d16e259d7f3ea88b75cdee2f9650cfeb3,SpikeTrack,E:\Robot_Backup\Tracker_Q1_Documents\ConnectedPapers-for-SpikeTrack%3A-A-Spike%20driven-Framework-for-Efficient-Visual-Tracking.bib,24,article,4c9df14d16e259d7f3ea88b75cdee2f9650cfeb3,Linker: Learning Long Short-term Associations for Robust Visual Tracking,linker learning long short term associations for robust visual tracking,Zizheng Xun,Zizheng Xun and Shangzhe Di and Yulu Gao and Zongheng Tang and Gang Wang and Si Liu and Bo Li,2024,IEEE Transactions on Multimedia,10.1109/tmm.2023.3347644,UNKNOWN,4c9df14d16e259d7f3ea88b75cdee2f9650cfeb3,https://www.semanticscholar.org/paper/4c9df14d16e259d7f3ea88b75cdee2f9650cfeb3,https://doi.org/10.1109/tmm.2023.3347644,JOURNAL_LISTED_UNVERIFIED,SUPPORTING,visual-tracking/tracker term in title or abstract,UNKNOWN,UNKNOWN,Asymmetric template-search architecture; Robustness / distractor handling,Asymmetric template-search architecture: siamese | Robustness / distractor handling: robust,"Siamese and Transformer trackers have demonstrated exceptional performance in visual object tracking. These methods utilize initial and potentially online templates to locate the target in subsequent frames. Despite their success, these trackers are vulnerable to changes in the target's appearance due to slow template updates and interference from similar objects, resulting from the absence of scene information. To address these issues, we introduce a reference region within our tracker. The reference region is updated rapidly, providing short-term scene information. By associating the initial template, reference region, and current search region, we enhance the tracker's ability to adapt to changes in target appearance and discriminate between the target and other objects. Additionally, we propose a novel Reference-Enhance (RE) module, which aggregates contextually relevant information from the reference region to enhance the template feature. Extensive experiments show our method achieves state-of-the-art performance on six popular visual object tracking benchmarks while running at over 40 FPS.",26,6228-6237,UNKNOWN
SpikeTrack:25:7b55c22d062bd52e1cce5044f5e3a97b80f729ea,SpikeTrack,E:\Robot_Backup\Tracker_Q1_Documents\ConnectedPapers-for-SpikeTrack%3A-A-Spike%20driven-Framework-for-Efficient-Visual-Tracking.bib,25,article,7b55c22d062bd52e1cce5044f5e3a97b80f729ea,Exploring Lightweight Hierarchical Vision Transformers for Efficient Visual Tracking,exploring lightweight hierarchical vision transformers for efficient visual tracking,Ben Kang,Ben Kang and Xin Chen and D. Wang and Houwen Peng and Huchuan Lu,2023,2023 IEEE/CVF International Conference on Computer Vision (ICCV),10.1109/iccv51070.2023.00881,2308.06904,7b55c22d062bd52e1cce5044f5e3a97b80f729ea,https://www.semanticscholar.org/paper/7b55c22d062bd52e1cce5044f5e3a97b80f729ea,https://doi.org/10.1109/iccv51070.2023.00881,CONFERENCE_LISTED_UNVERIFIED,SUPPORTING,visual-tracking/tracker term in title or abstract,YES,https://github.com/kangben258/HiT,Block / layer reduction; Lightweight backbone design,"Block / layer reduction: shallow | Lightweight backbone design: edge device, lightweight","Transformer-based visual trackers have demonstrated significant progress owing to their superior modeling capabilities. However, existing trackers are hampered by low speed, limiting their applicability on devices with limited computational power. To alleviate this problem, we propose HiT, a new family of efficient tracking models that can run at high speed on different devices while retaining high performance. The central idea of HiT is the Bridge Module, which bridges the gap between modern lightweight transformers and the tracking framework. The Bridge Module incorporates the high-level information of deep features into the shallow large-resolution features. In this way, it produces better features for the tracking head. We also propose a novel dual-image position encoding technique that simultaneously encodes the position information of both the search region and template images. The HiT model achieves promising speed with competitive performance. For instance, it runs at 61 frames per second (fps) on the Nvidia Jetson AGX edge device. Furthermore, HiT attains 64.6% AUC on the LaSOT benchmark, surpassing all previous efficient trackers. Code and models are available at https://github.com/kangben258/HiT.",UNKNOWN,9578-9587,UNKNOWN
SpikeTrack:26:1ef2a00358ead2c9ca6ca5e3e7ee023a1bbd437c,SpikeTrack,E:\Robot_Backup\Tracker_Q1_Documents\ConnectedPapers-for-SpikeTrack%3A-A-Spike%20driven-Framework-for-Efficient-Visual-Tracking.bib,26,article,1ef2a00358ead2c9ca6ca5e3e7ee023a1bbd437c,Discriminative Pruning Networks for Visual Tracking with Adaptive Foreground Prediction,discriminative pruning networks for visual tracking with adaptive foreground prediction,Zheng Wang,Zheng Wang and Zhiyong Zhang,2025,2025 International Joint Conference on Neural Networks (IJCNN),10.1109/ijcnn64981.2025.11227771,UNKNOWN,1ef2a00358ead2c9ca6ca5e3e7ee023a1bbd437c,https://www.semanticscholar.org/paper/1ef2a00358ead2c9ca6ca5e3e7ee023a1bbd437c,https://doi.org/10.1109/ijcnn64981.2025.11227771,CONFERENCE_LISTED_UNVERIFIED,SUPPORTING,visual-tracking/tracker term in title or abstract,UNKNOWN,UNKNOWN,Token / feature / spatial sparsification; Pruning; Dynamic / conditional computation; Robustness / distractor handling,Token / feature / spatial sparsification: token elimination | Pruning: prun | Dynamic / conditional computation: dynamic | Robustness / distractor handling: background,"With the rapid advancements in Transformer technology, Transformer-based trackers have demonstrated remarkable performance in the field of object tracking. However, their effectiveness often diminishes when faced with complex background interference. To address this limitation, we propose a novel discriminative pruning network (DPN), consisting of a foreground prediction module (FPM) and a token elimination strategy (TES), which achieves efficient and accurate object tracking. FPM dynamically estimates the foreground-background attribute scores for each token, enabling precise discrimination between foreground and background regions. TES is specifically designed to address the requirements of different stages: during training, it reduces background interference by adjusting the attention mechanism, thereby optimizing the feature learning process of FPM; during inference, it progressively prunes redundant background tokens, allowing the model to focus on target regions. By embedding DPN into specific layers of the Vision Transformer, we build a novel end-to-end online tracker, named the discriminative pruning tracker (DPT). Experimental results demonstrate that DPT excels in foreground-background discrimination and effectively mitigates background interference, showing impressive performance across several benchmark datasets, with an Average Overlap (AO) of 72.6% on the one-shot tracking benchmark GOT-10k, representing a significant accuracy improvement.",UNKNOWN,1-8,UNKNOWN
SpikeTrack:27:0a19b62fbef922ae43fa7eeebdb3f11a4d654e18,SpikeTrack,E:\Robot_Backup\Tracker_Q1_Documents\ConnectedPapers-for-SpikeTrack%3A-A-Spike%20driven-Framework-for-Efficient-Visual-Tracking.bib,27,article,0a19b62fbef922ae43fa7eeebdb3f11a4d654e18,Multi-State Tracker: Enhancing Efficient Object Tracking via Multi-State Specialization and Interaction,multi state tracker enhancing efficient object tracking via multi state specialization and interaction,Shilei Wang,Shilei Wang and Gong Cheng and Pujian Lai and Dong Gao and Junwei Han,2025,Proceedings of the 33rd ACM International Conference on Multimedia,10.1145/3746027.3755310,2508.11531,0a19b62fbef922ae43fa7eeebdb3f11a4d654e18,https://www.semanticscholar.org/paper/0a19b62fbef922ae43fa7eeebdb3f11a4d654e18,https://doi.org/10.1145/3746027.3755310,CONFERENCE_LISTED_UNVERIFIED,SUPPORTING,visual-tracking/tracker term in title or abstract,YES,https://github.com/wsumel/MST,Lightweight backbone design; Temporal context / video-level memory; Robustness / distractor handling,Lightweight backbone design: lightweight | Temporal context / video-level memory: hidden state | Robustness / distractor handling: robust,"Efficient trackers achieve faster runtime by reducing computational complexity and model parameters. However, this efficiency often compromises the expense of weakened feature representation capacity, thus limiting their ability to accurately capture target states using single-layer features. To overcome this limitation, we propose Multi-State Tracker (MST), which utilizes highly lightweight state-specific enhancement (SSE) to perform specialized enhancement on multi-state features produced by multi-state generation (MSG) and aggregates them in an interactive and adaptive manner using cross-state interaction (CSI). This design greatly enhances feature representation while incurring minimal computational overhead, leading to improved tracking robustness in complex environments. Specifically, the MSG generates multiple state representations at multiple stages during feature extraction, while SSE refines them to highlight target-specific features. The CSI module facilitates information exchange between these states and ensures the integration of complementary features. Notably, the introduced SSE and CSI modules adopt a highly lightweight hidden state adaptation-based state space duality (HSA-SSD) design, incurring only 0.1 GFLOPs in computation and 0.66 M in parameters. Experimental results demonstrate that MST outperforms all previous efficient trackers across multiple datasets, significantly improving tracking accuracy and robustness. In particular, it shows excellent runtime performance, with an AO score improvement of 4.5% over the previous SOTA efficient tracker HCAT on the GOT-10K dataset. The code is available at https://github.com/wsumel/MST.",UNKNOWN,UNKNOWN,UNKNOWN
SpikeTrack:28:d57521c303c886dc42b366c844d8de9c8157b2b3,SpikeTrack,E:\Robot_Backup\Tracker_Q1_Documents\ConnectedPapers-for-SpikeTrack%3A-A-Spike%20driven-Framework-for-Efficient-Visual-Tracking.bib,28,article,d57521c303c886dc42b366c844d8de9c8157b2b3,Optimizing intrinsic representation for tracking,optimizing intrinsic representation for tracking,Yuanming Zhang,Yuanming Zhang and Hao Sun,2024,Knowl. Based Syst.,10.1016/j.knosys.2024.111955,UNKNOWN,d57521c303c886dc42b366c844d8de9c8157b2b3,https://www.semanticscholar.org/paper/d57521c303c886dc42b366c844d8de9c8157b2b3,https://doi.org/10.1016/j.knosys.2024.111955,JOURNAL_LISTED_UNVERIFIED,UNKNOWN,generic tracking term only; manual scope check required,UNKNOWN,UNKNOWN,UNKNOWN,UNKNOWN,UNKNOWN,297,111955,UNKNOWN
SpikeTrack:29:b795d27606f99de1ad83c90fc73f5bb3157b8c52,SpikeTrack,E:\Robot_Backup\Tracker_Q1_Documents\ConnectedPapers-for-SpikeTrack%3A-A-Spike%20driven-Framework-for-Efficient-Visual-Tracking.bib,29,article,b795d27606f99de1ad83c90fc73f5bb3157b8c52,Fully Spiking Neural Networks for Unified Frame-Event Object Tracking,fully spiking neural networks for unified frame event object tracking,Jingjun Yang,Jingjun Yang and Liangwei Fan and Jinpu Zhang and Xiangkai Lian and Hui Shen and Dewen Hu,2025,ArXiv,10.48550/arxiv.2505.20834,2505.20834,b795d27606f99de1ad83c90fc73f5bb3157b8c52,https://www.semanticscholar.org/paper/b795d27606f99de1ad83c90fc73f5bb3157b8c52,https://doi.org/10.48550/arxiv.2505.20834,ARXIV_PREPRINT,SUPPORTING,visual-tracking/tracker term in title or abstract,UNKNOWN,UNKNOWN,Token / feature / spatial sparsification; Asymmetric template-search architecture; SNN / neuromorphic computation; Robustness / distractor handling,Token / feature / spatial sparsification: spars | Asymmetric template-search architecture: asymmetric | SNN / neuromorphic computation: spiking neural | Robustness / distractor handling: robust,"The integration of image and event streams offers a promising approach for achieving robust visual object tracking in complex environments. However, current fusion methods achieve high performance at the cost of significant computational overhead and struggle to efficiently extract the sparse, asynchronous information from event streams, failing to leverage the energy-efficient advantages of event-driven spiking paradigms. To address this challenge, we propose the first fully Spiking Frame-Event Tracking framework called SpikeFET. This network achieves synergistic integration of convolutional local feature extraction and Transformer-based global modeling within the spiking paradigm, effectively fusing frame and event data. To overcome the degradation of translation invariance caused by convolutional padding, we introduce a Random Patchwork Module (RPM) that eliminates positional bias through randomized spatial reorganization and learnable type encoding while preserving residual structures. Furthermore, we propose a Spatial-Temporal Regularization (STR) strategy that overcomes similarity metric degradation from asymmetric features by enforcing spatio-temporal consistency among temporal template features in latent space. Extensive experiments across multiple benchmarks demonstrate that the proposed framework achieves superior tracking accuracy over existing methods while significantly reducing power consumption, attaining an optimal balance between performance and efficiency.",abs/2505.20834,UNKNOWN,UNKNOWN
SpikeTrack:30:74dc9be7a20af45487f027c4739ab27ca662ab01,SpikeTrack,E:\Robot_Backup\Tracker_Q1_Documents\ConnectedPapers-for-SpikeTrack%3A-A-Spike%20driven-Framework-for-Efficient-Visual-Tracking.bib,30,article,74dc9be7a20af45487f027c4739ab27ca662ab01,Learning Historical Status Prompt for Accurate and Robust Visual Tracking,learning historical status prompt for accurate and robust visual tracking,Wenrui Cai,Wenrui Cai and Qingjie Liu and Yunhong Wang,2023,ArXiv,10.48550/arxiv.2311.02072,UNKNOWN,74dc9be7a20af45487f027c4739ab27ca662ab01,https://www.semanticscholar.org/paper/74dc9be7a20af45487f027c4739ab27ca662ab01,https://doi.org/10.48550/arxiv.2311.02072,ARXIV_PREPRINT,SUPPORTING,visual-tracking/tracker term in title or abstract,UNKNOWN,UNKNOWN,Robustness / distractor handling,Robustness / distractor handling: robust,"S2 TL;DR: A Historical Information Prompter (HIP) to enhance the pro-vision of historical information and build HIPTrack upon HIP module, a plug-and-play module that make full use of search region features to introduce historical appearance information.",abs/2311.02072,UNKNOWN,UNKNOWN
SpikeTrack:31:bab1416472e2f26f6389d1710b2a4aa946796a44,SpikeTrack,E:\Robot_Backup\Tracker_Q1_Documents\ConnectedPapers-for-SpikeTrack%3A-A-Spike%20driven-Framework-for-Efficient-Visual-Tracking.bib,31,article,bab1416472e2f26f6389d1710b2a4aa946796a44,PlanarTrack: A Large-scale Challenging Benchmark for Planar Object Tracking,planartrack a large scale challenging benchmark for planar object tracking,Xinran Liu,Xinran Liu and Xiaoqiong Liu and Ziruo Yi and Xinyi Zhou and Thanh Le and Libo Zhang and Yanling Huang and Q. Yang and Heng Fan,2023,2023 IEEE/CVF International Conference on Computer Vision (ICCV),10.1109/iccv51070.2023.01870,2303.07625,bab1416472e2f26f6389d1710b2a4aa946796a44,https://www.semanticscholar.org/paper/bab1416472e2f26f6389d1710b2a4aa946796a44,https://doi.org/10.1109/iccv51070.2023.01870,CONFERENCE_LISTED_UNVERIFIED,SUPPORTING,visual-tracking/tracker term in title or abstract,UNKNOWN,UNKNOWN,UNKNOWN,UNKNOWN,"Planar object tracking is a critical computer vision problem and has drawn increasing interest owing to its key roles in robotics, augmented reality, etc. Despite rapid progress, its further development, especially in the deep learning era, is largely hindered due to the lack of large-scale challenging benchmarks. Addressing this, we introduce PlanarTrack, a large-scale challenging planar tracking benchmark. Specifically, PlanarTrack consists of 1,000 videos with more than 490K images. All these sequences are collected in complex unconstrained scenarios from the wild, which makes PlanarTrack, compared with existing benchmarks, more challenging but realistic for real-world applications. To ensure the high-quality annotation, each frame in PlanarTrack is manually labeled using four corners with multiple-round careful inspection and refinement. To our best knowledge, PlanarTrack, to date, is the largest and the most challenging dataset dedicated to planar object tracking. In order to analyze the proposed PlanarTrack, we evaluate 10 planar trackers and conduct comprehensive comparisons and in-depth analysis. Our results, not surprisingly, demonstrate that current top-performing planar trackers degenerate significantly on the challenging PlanarTrack and more efforts are needed to improve planar tracking in the future. In addition, we further derive a variant named PlanarTrackBB for generic object tracking from our PlanarTrack. Our evaluation of 10 excellent generic trackers on PlanarTrackBB manifests that, surprisingly, PlanarTrackBB is even more challenging than several popular generic tracking benchmarks and more attention should be paid to handle such planar objects, though they are rigid. All benchmarks and evaluations are released at https://hengfan2010.github.io/projects/PlanarTrack/.",UNKNOWN,20392-20401,UNKNOWN
SpikeTrack:32:8c7274e12dc32878d8cf6be9ec9512347fcf17b2,SpikeTrack,E:\Robot_Backup\Tracker_Q1_Documents\ConnectedPapers-for-SpikeTrack%3A-A-Spike%20driven-Framework-for-Efficient-Visual-Tracking.bib,32,article,8c7274e12dc32878d8cf6be9ec9512347fcf17b2,Masked Mutual Guidance Transformer Tracking,masked mutual guidance transformer tracking,Baojie Fan,Baojie Fan and Zhiquan Wang and Jiajun Ai and Caiyu Zhang,2024,2024 IEEE/RSJ International Conference on Intelligent Robots and Systems (IROS),10.1109/iros58592.2024.10801735,UNKNOWN,8c7274e12dc32878d8cf6be9ec9512347fcf17b2,https://www.semanticscholar.org/paper/8c7274e12dc32878d8cf6be9ec9512347fcf17b2,https://doi.org/10.1109/iros58592.2024.10801735,CONFERENCE_LISTED_UNVERIFIED,SUPPORTING,visual-tracking/tracker term in title or abstract,UNKNOWN,UNKNOWN,UNKNOWN,UNKNOWN,"Visual mask learning has received increasing attention in the field of visual object tracking. However, most existing studies merely utilize visual mask learning works as pre-training models without fully exploiting their potential for visual representation. In this paper, we present a novel approach for learning tracking target features, leveraging an encoder-decoder architecture with a masked mutual guidance tracking(MMG). Initially, we perform joint visual feature extraction on both the template and search areas. Subsequently, these features undergo separate self-decoding processes, followed by mutual guidance decoding to reconstruct the original search and template images. This process fosters mutual understanding between the images, facilitating improved learning of object states and shapes across different frames. During the inference phase, we offload the decoder and implement a simple and effective tracker. Experimental results indicate that our proposed method is effective that the mutual guidance strategy can achieve state-of-the-art performance on five tracking datasets.",UNKNOWN,341-348,UNKNOWN
SpikeTrack:33:5ade81072cafc3a22d45bde8720cd246a60f3d00,SpikeTrack,E:\Robot_Backup\Tracker_Q1_Documents\ConnectedPapers-for-SpikeTrack%3A-A-Spike%20driven-Framework-for-Efficient-Visual-Tracking.bib,33,article,5ade81072cafc3a22d45bde8720cd246a60f3d00,DATrack: direction attention based transformer tracker,datrack direction attention based transformer tracker,Jinfen Liu,Jinfen Liu and Yun Gao and Zhijia Shi and Tao Wang,2025,Applied Intelligence,10.1007/s10489-025-06791-w,UNKNOWN,5ade81072cafc3a22d45bde8720cd246a60f3d00,https://www.semanticscholar.org/paper/5ade81072cafc3a22d45bde8720cd246a60f3d00,https://doi.org/10.1007/s10489-025-06791-w,JOURNAL_LISTED_UNVERIFIED,SUPPORTING,visual-tracking/tracker term in title or abstract,UNKNOWN,UNKNOWN,Motion modeling,Motion modeling: motion,"S2 TL;DR: This work proposes a direction attention based transformer tracker (DATrack), allowing the tracker to focus more on the search tokens in partial possible motion directions, and introduces direction tokens to provide direction information in various coarse-grained directions of the search region.",55,UNKNOWN,UNKNOWN
SpikeTrack:34:cbeee2f7f03acb575f250e7b1857ceb775db98ec,SpikeTrack,E:\Robot_Backup\Tracker_Q1_Documents\ConnectedPapers-for-SpikeTrack%3A-A-Spike%20driven-Framework-for-Efficient-Visual-Tracking.bib,34,article,cbeee2f7f03acb575f250e7b1857ceb775db98ec,SeqTrack: Sequence to Sequence Learning for Visual Object Tracking,seqtrack sequence to sequence learning for visual object tracking,Xin Chen,Xin Chen and Houwen Peng and Dong Wang and Huchuan Lu and Han Hu,2023,2023 IEEE/CVF Conference on Computer Vision and Pattern Recognition (CVPR),10.1109/cvpr52729.2023.01400,UNKNOWN,cbeee2f7f03acb575f250e7b1857ceb775db98ec,https://www.semanticscholar.org/paper/cbeee2f7f03acb575f250e7b1857ceb775db98ec,https://doi.org/10.1109/cvpr52729.2023.01400,CONFERENCE_LISTED_UNVERIFIED,SUPPORTING,visual-tracking/tracker term in title or abstract,YES,https://github.com/microsoft/VideoX,Asymmetric template-search architecture; Autoregressive / sequence modeling; Training / loss redesign,"Asymmetric template-search architecture: siamese | Autoregressive / sequence modeling: autoregress, sequence learning, sequence to sequence, sequence-to-sequence | Training / loss redesign: loss function","In this paper, we present a new sequence-to-sequence learning framework for visual tracking, dubbed SeqTrack. It casts visual tracking as a sequence generation problem, which predicts object bounding boxes in an autoregressive fashion. This is different from prior Siamese trackers and transformer trackers, which rely on designing complicated head networks, such as classification and regression heads. SeqTrack only adopts a simple encoder-decoder transformer architecture. The encoder extracts visual features with a bidirectional transformer, while the decoder generates a sequence of bounding box values autoregressively with a causal transformer. The loss function is a plain cross-entropy. Such a sequence learning paradigm not only simplifies tracking framework, but also achieves competitive performance on benchmarks. For instance, SeqTrack gets 72.5% AUC on LaSOT, establishing a new state-of-the-art performance. Code and models are available at https://github.com/microsoft/VideoX.",UNKNOWN,14572-14581,UNKNOWN
SpikeTrack:35:8d13075ad3fc62318006e7077ecd9deeea691fd4,SpikeTrack,E:\Robot_Backup\Tracker_Q1_Documents\ConnectedPapers-for-SpikeTrack%3A-A-Spike%20driven-Framework-for-Efficient-Visual-Tracking.bib,35,article,8d13075ad3fc62318006e7077ecd9deeea691fd4,Transformer-Based Tracker Fusing Two-Dimensional Semantic Features,transformer based tracker fusing two dimensional semantic features,Yongsheng Luo,Yongsheng Luo and Zhibin Du and Qianling Guo and Zhide Guo,2025,"2025 5th International Conference on Neural Networks, Information and Communication Engineering (NNICE)",10.1109/nnice64954.2025.11063785,UNKNOWN,8d13075ad3fc62318006e7077ecd9deeea691fd4,https://www.semanticscholar.org/paper/8d13075ad3fc62318006e7077ecd9deeea691fd4,https://doi.org/10.1109/nnice64954.2025.11063785,CONFERENCE_LISTED_UNVERIFIED,SUPPORTING,visual-tracking/tracker term in title or abstract,UNKNOWN,UNKNOWN,Robustness / distractor handling,Robustness / distractor handling: robust,"In recent years, with the rise of Transformer network, the tracking network based on Transformer network architecture has become one of the mainstream frameworks in the field of single target tracking. However, the performance of Transformer-based trackers still encounters certain bottlenecks in complex scenarios such as target appearance changes. Firstly, most methods still adopt independent template learning, lacking communication between the template and the search area; on the other hand, in feature extraction and fusion, the traditional attention mechanism lacks the ability to simultaneously capture global information in both height and width spatial dimensions, which limits the expressive power of features. To address these issues, improvements were made based on the ROMTrack model. By integrating three typical object modeling methods and designing a global grouped coordinate attention module during the feature extraction phase, the new approach combines multi-dimensional global information with attention mechanisms, capturing global in-formation across height and width dimensions, enhancing the comprehensiveness of feature learning and the robustness of object modeling. Experimental results on GOT-10K, LaSOT, LaSOText, TrackingNet, OTB100, and UAV123 datasets show that compared to ROMTrack, there are improvements in both precision and success rate, demonstrating excellent tracking performance.",UNKNOWN,627-632,UNKNOWN
SpikeTrack:36:c1329f91cfa11011712227c8765fbbe38b9f2b7e,SpikeTrack,E:\Robot_Backup\Tracker_Q1_Documents\ConnectedPapers-for-SpikeTrack%3A-A-Spike%20driven-Framework-for-Efficient-Visual-Tracking.bib,36,article,c1329f91cfa11011712227c8765fbbe38b9f2b7e,Joint Feature Learning and Relation Modeling for Tracking: A One-Stream Framework,joint feature learning and relation modeling for tracking a one stream framework,Botao Ye,Botao Ye and Hong Chang and Bingpeng Ma and S. Shan,2022,UNKNOWN,10.48550/arxiv.2203.11991,2203.11991,c1329f91cfa11011712227c8765fbbe38b9f2b7e,https://www.semanticscholar.org/paper/c1329f91cfa11011712227c8765fbbe38b9f2b7e,https://doi.org/10.48550/arxiv.2203.11991,ARXIV_PREPRINT,SUPPORTING,visual-tracking/tracker term in title or abstract,YES,https://github.com/botaoye/OSTrack,Dynamic / conditional computation; Asymmetric template-search architecture; Relation / cross-attention modeling; Robustness / distractor handling,Dynamic / conditional computation: dynamic | Asymmetric template-search architecture: two-stream | Relation / cross-attention modeling: relation model | Robustness / distractor handling: background,"The current popular two-stream, two-stage tracking framework extracts the template and the search region features separately and then performs relation modeling, thus the extracted features lack the awareness of the target and have limited target-background discriminability. To tackle the above issue, we propose a novel one-stream tracking (OSTrack) framework that unifies feature learning and relation modeling by bridging the template-search image pairs with bidirectional information flows. In this way, discriminative target-oriented features can be dynamically extracted by mutual guidance. Since no extra heavy relation modeling module is needed and the implementation is highly parallelized, the proposed tracker runs at a fast speed. To further improve the inference efficiency, an in-network candidate early elimination module is proposed based on the strong similarity prior calculated in the one-stream framework. As a unified framework, OSTrack achieves state-of-the-art performance on multiple benchmarks, in particular, it shows impressive results on the one-shot tracking benchmark GOT-10k, i.e., achieving 73.7% AO, improving the existing best result (SwinTrack) by 4.3%. Besides, our method maintains a good performance-speed trade-off and shows faster convergence. The code and models are available at https://github.com/botaoye/OSTrack.",UNKNOWN,UNKNOWN,UNKNOWN
SpikeTrack:37:b4e8984c1d1066adf99f7878345bcfd35dfda88b,SpikeTrack,E:\Robot_Backup\Tracker_Q1_Documents\ConnectedPapers-for-SpikeTrack%3A-A-Spike%20driven-Framework-for-Efficient-Visual-Tracking.bib,37,article,b4e8984c1d1066adf99f7878345bcfd35dfda88b,Robust Object Modeling for Visual Tracking,robust object modeling for visual tracking,Y. Cai,Y. Cai and Jie Liu and Jie Tang and Gangshan Wu,2023,2023 IEEE/CVF International Conference on Computer Vision (ICCV),10.1109/iccv51070.2023.00879,2308.05140,b4e8984c1d1066adf99f7878345bcfd35dfda88b,https://www.semanticscholar.org/paper/b4e8984c1d1066adf99f7878345bcfd35dfda88b,https://doi.org/10.1109/iccv51070.2023.00879,CONFERENCE_LISTED_UNVERIFIED,SUPPORTING,visual-tracking/tracker term in title or abstract,UNKNOWN,UNKNOWN,Robustness / distractor handling,"Robustness / distractor handling: distractor, robust","Object modeling has become a core part of recent tracking frameworks. Current popular tackers use Transformer attention to extract the template feature separately or interactively with the search region. However, separate template learning lacks communication between the template and search regions, which brings difficulty in extracting discriminative target-oriented features. On the other hand, interactive template learning produces hybrid template features, which may introduce potential distractors to the template via the cluttered search regions. To enjoy the merits of both methods, we propose a robust object modeling framework for visual tracking (ROMTrack), which simultaneously models the inherent template and the hybrid template features. As a result, harmful distractors can be suppressed by combining the inherent features of target objects with search regions’ guidance. Target-related features can also be extracted using the hybrid template, thus resulting in a more robust object modeling framework. To further enhance robustness, we present novel variation tokens to depict the ever-changing appearance of target objects. Variation tokens are adaptable to object deformation and appearance variations, which can boost overall performance with negligible computation. Experiments show that our ROMTrack sets a new state-of-the-art on multiple benchmarks.",UNKNOWN,9555-9566,UNKNOWN
SpikeTrack:38:ab6b66d9f817af8098a534cd8cc15ff92da05494,SpikeTrack,E:\Robot_Backup\Tracker_Q1_Documents\ConnectedPapers-for-SpikeTrack%3A-A-Spike%20driven-Framework-for-Efficient-Visual-Tracking.bib,38,article,ab6b66d9f817af8098a534cd8cc15ff92da05494,High-Performance Discriminative Tracking with Spatio-Temporal Template Fusion,high performance discriminative tracking with spatio temporal template fusion,Xuedong He,Xuedong He and Huiying Xu and Xinzhong Zhu and Hongbo Li,2025,Proceedings of the 33rd ACM International Conference on Multimedia,10.1145/3746027.3755721,UNKNOWN,ab6b66d9f817af8098a534cd8cc15ff92da05494,https://www.semanticscholar.org/paper/ab6b66d9f817af8098a534cd8cc15ff92da05494,https://doi.org/10.1145/3746027.3755721,CONFERENCE_LISTED_UNVERIFIED,SUPPORTING,visual-tracking/tracker term in title or abstract,YES,https://github.com/hexdjx/VisTrack,Dynamic / conditional computation; Asymmetric template-search architecture; Target-aware representation,Dynamic / conditional computation: dynamic | Asymmetric template-search architecture: siamese | Target-aware representation: target-aware,"The current one-stream tracking framework has received far-reaching attention for its significant improvement in tracking performance, yet it is essentially an extension of Siamese trackers. However, the one-stream framework of discriminative trackers has not been effectively exploited, still using separate feature extraction and model prediction. Therefore, this article aims to implement a one-stream learning strategy for feature extraction and model prediction under the discriminative tracking framework. To this end, we have leveraged the prevailing Vision Transformer and Vision Mamba backbones to achieve our motivation. Moreover, we innovatively combine templates with discriminative tracking methods to enhance the ability of target-aware feature learning, and further propose the attention fusion module to implement spatiotemporal template fusion, which can enhance the adaptability of the tracking model to dynamic changes of targets. The experiments on multiple popular tracking benchmarks have demonstrated that our proposed tracking architecture has superior tracking performance. Concisely, our tracker obtains an AUC of 73.3% on LaSOT dataset, and an AO of 78.2% on GOT-10k dataset. The code, raw results, and trained models are available at https://github.com/hexdjx/VisTrack.",UNKNOWN,UNKNOWN,UNKNOWN
SpikeTrack:39:38bb6953420980dcde72afccd622447989478483,SpikeTrack,E:\Robot_Backup\Tracker_Q1_Documents\ConnectedPapers-for-SpikeTrack%3A-A-Spike%20driven-Framework-for-Efficient-Visual-Tracking.bib,39,article,38bb6953420980dcde72afccd622447989478483,VideoTrack: Learning to Track Objects via Video Transformer -Supplementary Materials-In,videotrack learning to track objects via video transformer supplementary materials in,UNKNOWN,UNKNOWN,2023,UNKNOWN,UNKNOWN,UNKNOWN,38bb6953420980dcde72afccd622447989478483,https://www.semanticscholar.org/paper/38bb6953420980dcde72afccd622447989478483,UNKNOWN,UNKNOWN,SUPPORTING,visual-tracking/tracker term in title or abstract,UNKNOWN,UNKNOWN,UNKNOWN,UNKNOWN,"S2 TL;DR: This supplementary material provides more exploration studies of the VideoTrack method through experimental and theoretical analysis, and provides some visualization and attribute analysis of VideoTrack on tracking benchmarks and selected video sequences.",UNKNOWN,UNKNOWN,UNKNOWN
SpikeTrack:40:7a73bfa0d2f9d506ae9c857bd3ec8ec39973dcf8,SpikeTrack,E:\Robot_Backup\Tracker_Q1_Documents\ConnectedPapers-for-SpikeTrack%3A-A-Spike%20driven-Framework-for-Efficient-Visual-Tracking.bib,40,article,7a73bfa0d2f9d506ae9c857bd3ec8ec39973dcf8,Query-Based Object Visual Tracking with Parallel Sequence Generation,query based object visual tracking with parallel sequence generation,Chang Liu,Chang Liu and Bin Zhang and Chunjuan Bo and Dong Wang,2024,"Sensors (Basel, Switzerland)",10.3390/s24154802,UNKNOWN,7a73bfa0d2f9d506ae9c857bd3ec8ec39973dcf8,https://www.semanticscholar.org/paper/7a73bfa0d2f9d506ae9c857bd3ec8ec39973dcf8,https://doi.org/10.3390/s24154802,JOURNAL_LISTED_UNVERIFIED,SUPPORTING,visual-tracking/tracker term in title or abstract,UNKNOWN,UNKNOWN,Lightweight backbone design; Autoregressive / sequence modeling,"Lightweight backbone design: lightweight | Autoregressive / sequence modeling: sequence learning, sequence-to-sequence","Query decoders have been shown to achieve good performance in object detection. However, they suffer from insufficient object tracking performance. Sequence-to-sequence learning in this context has recently been explored, with the idea of describing a target as a sequence of discrete tokens. In this study, we experimentally determine that, with appropriate representation, a parallel approach for predicting a target coordinate sequence with a query decoder can achieve good performance and speed. We propose a concise query-based tracking framework for predicting a target coordinate sequence in a parallel manner, named QPSTrack. A set of queries are designed to be responsible for different coordinates of the tracked target. All the queries jointly represent a target rather than a traditional one-to-one matching pattern between the query and target. Moreover, we adopt an adaptive decoding scheme including a one-layer adaptive decoder and learnable adaptive inputs for the decoder. This decoding scheme assists the queries in decoding the template-guided search features better. Furthermore, we explore the use of the plain ViT-Base, ViT-Large, and lightweight hierarchical LeViT architectures as the encoder backbone, providing a family of three variants in total. All the trackers are found to obtain a good trade-off between speed and performance; for instance, our tracker QPSTrack-B256 with the ViT-Base encoder achieves a 69.1% AUC on the LaSOT benchmark at 104.8 FPS.",24,UNKNOWN,39123848
SpikeTrack:41:cd52e774acb0f46bea128ee14fe592b6ce7c5ca4,SpikeTrack,E:\Robot_Backup\Tracker_Q1_Documents\ConnectedPapers-for-SpikeTrack%3A-A-Spike%20driven-Framework-for-Efficient-Visual-Tracking.bib,41,article,cd52e774acb0f46bea128ee14fe592b6ce7c5ca4,Robust Tracking via Unifying Pretrain-Finetuning and Visual Prompt Tuning,robust tracking via unifying pretrain finetuning and visual prompt tuning,Guangtong Zhang,Guangtong Zhang and Qihua Liang and Ning Li and Zhiyi Mo and Bineng Zhong,2023,Proceedings of the 5th ACM International Conference on Multimedia in Asia,10.1145/3595916.3626410,UNKNOWN,cd52e774acb0f46bea128ee14fe592b6ce7c5ca4,https://www.semanticscholar.org/paper/cd52e774acb0f46bea128ee14fe592b6ce7c5ca4,https://doi.org/10.1145/3595916.3626410,CONFERENCE_LISTED_UNVERIFIED,SUPPORTING,visual-tracking/tracker term in title or abstract,UNKNOWN,UNKNOWN,Template computation reuse; Robustness / distractor handling,Template computation reuse: reuse | Robustness / distractor handling: robust,"The finetuning paradigm has been a widely used methodology for the supervised training of top-performing trackers. However, the finetuning paradigm faces one key issue: it is unclear how best to perform the finetuning method to adapt a pretrained model to tracking tasks while alleviating the catastrophic forgetting problem. To address this problem, we propose a novel partial finetuning paradigm for visual tracking via unifying pretrain-finetuning and visual prompt tuning (named UPVPT), which can not only efficiently learn knowledge from the tracking task but also reuse the prior knowledge learned by the pre-trained model for effectively handling various challenges in tracking task. Firstly, to maintain the pre-trained prior knowledge, we design a Prompt-style method to freeze some parameters of the pretrained network. Then, to learn knowledge from the tracking task, we update the parameters of the prompt and MLP layers. As a result, we cannot only retain useful prior knowledge of the pre-trained model by freezing the backbone network but also effectively learn target domain knowledge by updating the Prompt and MLP layer. Furthermore, the proposed UPVPT can easily be embedded into existing Transformer trackers (e.g., OSTracker and SwinTracker) by adding only a small number of model parameters (less than 1% of a Backbone network). Extensive experiments on five tracking benchmarks (i.e., UAV123, GOT-10k, LaSOT, TNL2K, and TrackingNet) demonstrate that the proposed UPVPT can improve the robustness and effectiveness of the model, especially in complex scenarios.",UNKNOWN,UNKNOWN,UNKNOWN
